-- phpMyAdmin SQL Dump
-- version 5.2.1
-- https://www.phpmyadmin.net/
--
-- Servidor: 127.0.0.1
-- Tiempo de generación: 04-04-2025 a las 14:16:23
-- Versión del servidor: 8.0.41
-- Versión de PHP: 8.2.12

SET SQL_MODE = "NO_AUTO_VALUE_ON_ZERO";
START TRANSACTION;
SET time_zone = "+00:00";


/*!40101 SET @OLD_CHARACTER_SET_CLIENT=@@CHARACTER_SET_CLIENT */;
/*!40101 SET @OLD_CHARACTER_SET_RESULTS=@@CHARACTER_SET_RESULTS */;
/*!40101 SET @OLD_COLLATION_CONNECTION=@@COLLATION_CONNECTION */;
/*!40101 SET NAMES utf8mb4 */;

--
-- Base de datos: `arenna_fichajes`
--

-- --------------------------------------------------------

--
-- Estructura de tabla para la tabla `alembic_version`
--

CREATE TABLE `alembic_version` (
  `version_num` varchar(32) NOT NULL
) ENGINE=InnoDB DEFAULT CHARSET=utf8mb4 COLLATE=utf8mb4_0900_ai_ci;

--
-- Volcado de datos para la tabla `alembic_version`
--

INSERT INTO `alembic_version` (`version_num`) VALUES
('db24ea92bc7a');

-- --------------------------------------------------------

--
-- Estructura de tabla para la tabla `app_config`
--

CREATE TABLE `app_config` (
  `id` int NOT NULL,
  `company_id` int NOT NULL,
  `config_key` varchar(50) NOT NULL,
  `config_value` json DEFAULT NULL,
  `config_section` varchar(50) DEFAULT NULL,
  `description` varchar(200) DEFAULT NULL,
  `is_system` tinyint(1) DEFAULT NULL,
  `created_at` datetime DEFAULT NULL,
  `updated_at` datetime DEFAULT NULL
) ENGINE=InnoDB DEFAULT CHARSET=utf8mb4 COLLATE=utf8mb4_0900_ai_ci;

--
-- Volcado de datos para la tabla `app_config`
--

INSERT INTO `app_config` (`id`, `company_id`, `config_key`, `config_value`, `config_section`, `description`, `is_system`, `created_at`, `updated_at`) VALUES
(1, 1, 'theme', '{\"color\": \"blue\"}', '', NULL, 0, NULL, NULL),
(2, 2, 'theme', '{\"color\": \"green\"}', '', NULL, 0, NULL, NULL),
(3, 3, 'theme', '{\"color\": \"red\"}', '', NULL, 0, NULL, NULL);

-- --------------------------------------------------------

--
-- Estructura de tabla para la tabla `clock_in`
--

CREATE TABLE `clock_in` (
  `id` int NOT NULL,
  `company_id` int NOT NULL,
  `user_id` int NOT NULL,
  `clock_in_type_id` int NOT NULL,
  `details` varchar(100) DEFAULT NULL,
  `reg_date` date NOT NULL,
  `reg_time` time NOT NULL,
  `log_date` date NOT NULL,
  `log_time` time NOT NULL,
  `auto` tinyint(1) NOT NULL,
  `modified` tinyint(1) NOT NULL,
  `modification_details` varchar(200) NOT NULL,
  `gps` varchar(45) NOT NULL
) ENGINE=InnoDB DEFAULT CHARSET=utf8mb4 COLLATE=utf8mb4_0900_ai_ci;

--
-- Volcado de datos para la tabla `clock_in`
--

INSERT INTO `clock_in` (`id`, `company_id`, `user_id`, `clock_in_type_id`, `details`, `reg_date`, `reg_time`, `log_date`, `log_time`, `auto`, `modified`, `modification_details`, `gps`) VALUES
(1, 10, 101, 1, ' ', '2025-04-02', '09:43:00', '2025-04-02', '09:43:20', 0, 1, 'Olvido al fichar', '28.492641816012412,-16.33517904554605');

-- --------------------------------------------------------

--
-- Estructura de tabla para la tabla `clock_in_type`
--

CREATE TABLE `clock_in_type` (
  `id` int NOT NULL,
  `name` varchar(15) NOT NULL,
  `description` varchar(255) DEFAULT NULL
) ENGINE=InnoDB DEFAULT CHARSET=utf8mb4 COLLATE=utf8mb4_0900_ai_ci;

--
-- Volcado de datos para la tabla `clock_in_type`
--

INSERT INTO `clock_in_type` (`id`, `name`, `description`) VALUES
(1, 'Check-in', 'Entrada'),
(2, 'Check-out', 'Salida'),
(3, 'Pause-in', 'Inicio descanso'),
(4, 'Pause-out', 'Fin descanso');

-- --------------------------------------------------------

--
-- Estructura de tabla para la tabla `company`
--

CREATE TABLE `company` (
  `id` int NOT NULL,
  `name` varchar(100) NOT NULL,
  `reference_name` varchar(100) CHARACTER SET utf8mb4 COLLATE utf8mb4_0900_ai_ci NOT NULL,
  `cif` varchar(9) NOT NULL,
  `address` varchar(200) CHARACTER SET utf8mb4 COLLATE utf8mb4_0900_ai_ci NOT NULL,
  `phone` varchar(20) NOT NULL,
  `email` varchar(45) NOT NULL,
  `active` tinyint(1) NOT NULL,
  `license_id` int NOT NULL,
  `logo` varchar(200) DEFAULT NULL,
  `website` varchar(100) DEFAULT NULL,
  `industry` varchar(50) DEFAULT NULL,
  `foundation_date` date DEFAULT NULL,
  `tax_id` varchar(20) DEFAULT NULL,
  `company_size` varchar(20) DEFAULT NULL,
  `timezone` varchar(50) DEFAULT NULL
) ENGINE=InnoDB DEFAULT CHARSET=utf8mb4 COLLATE=utf8mb4_0900_ai_ci;

--
-- Volcado de datos para la tabla `company`
--

INSERT INTO `company` (`id`, `name`, `reference_name`, `cif`, `address`, `phone`, `email`, `active`, `license_id`, `logo`, `website`, `industry`, `foundation_date`, `tax_id`, `company_size`, `timezone`) VALUES
(1, 'Arenna LABS', 'Arenna LABS S.L.', 'B75686410', 'C /Amanecer N30 Local º1', '643793781', 'info@arennalabs.com', 1, 1, NULL, NULL, NULL, NULL, NULL, NULL, NULL),
(2, 'UTE EL SAUZAL ', 'PICCONIA GEST S.L. Y BIIG FACILITIES S.L.', 'U05419882', 'TACORONTE, C/ ATALAYA 6B CAMINO GARIMBA, 38350', '717711693', 'info@picconia.com', 1, 1, NULL, NULL, NULL, NULL, NULL, NULL, NULL),
(4, 'UTE GUÍA DE ISORA ', 'PICCONIA GEST S.L. CAPROSS 2004 S.L. Y SIE TENERIFE SUR SL.', 'U72823032', 'TACORONTE, C/ ATALAYA 6B CAMINO GARIMBA, 38350', '717711693', 'info@picconia.com', 1, 1, NULL, NULL, NULL, NULL, NULL, NULL, NULL),
(5, 'UTE HOSPITALES ', 'PICCONIA GEST S.L. Y BIIG FACILITIES S.L.', 'U02808699', 'TACORONTE, C/ ATALAYA 6B CAMINO GARIMBA, 38350', '717711693', 'info@picconia.com', 1, 1, NULL, NULL, NULL, NULL, NULL, NULL, NULL),
(6, 'BIIG ', 'BIIG FACILITIES S.L.', 'B76775592', 'TACORONTE, C/ ATALAYA 6B CAMINO GARIMBA, 38350', '717711693', 'info@picconia.com', 1, 1, NULL, NULL, NULL, NULL, NULL, NULL, NULL),
(8, 'PICCONIA', 'PICCONIA GEST S.L.', 'B76604404', 'TACORONTE, C/ ATALAYA 6B CAMINO GARIMBA, 38350', '717711693', 'info@picconia.com', 1, 1, NULL, NULL, NULL, NULL, NULL, NULL, NULL),
(10, 'STC Soluciones', 'STC Asesoría y consultoría de empresa SLP', 'B75705706', 'C /Amanecer N30 Local º1', '643793781', 'stcsoluciones@stcoluciones.com', 1, 1, NULL, NULL, NULL, NULL, NULL, NULL, NULL),
(11, 'Prueba', 'Pruebas S.L.', 'C54354432', 'C/ Pruebas Nº2 Portal 45', '637881066', 'yago.lopez.adeje@gmail.com', 1, 1, NULL, NULL, NULL, NULL, NULL, NULL, 'Europe/Madrid');

-- --------------------------------------------------------

--
-- Estructura de tabla para la tabla `department`
--

CREATE TABLE `department` (
  `id` int NOT NULL,
  `name` varchar(50) NOT NULL,
  `description` varchar(200) DEFAULT NULL,
  `company_id` int NOT NULL,
  `category` varchar(30) DEFAULT NULL,
  `department_head_id` int DEFAULT NULL,
  `color_code` varchar(7) DEFAULT NULL,
  `icon` varchar(50) DEFAULT NULL
) ENGINE=InnoDB DEFAULT CHARSET=utf8mb4 COLLATE=utf8mb4_0900_ai_ci;

--
-- Volcado de datos para la tabla `department`
--

INSERT INTO `department` (`id`, `name`, `description`, `company_id`, `category`, `department_head_id`, `color_code`, `icon`) VALUES
(1, 'I+D', 'Innovación y Desarrollo', 10, 'Tecnología', 101, '#3b82f6', 'warehouse');

-- --------------------------------------------------------

--
-- Estructura de tabla para la tabla `integration`
--

CREATE TABLE `integration` (
  `id` int NOT NULL,
  `name` varchar(100) NOT NULL,
  `type` varchar(50) NOT NULL,
  `company_id` int NOT NULL,
  `is_active` tinyint(1) NOT NULL,
  `config` json DEFAULT NULL,
  `access_token` varchar(500) DEFAULT NULL,
  `refresh_token` varchar(500) DEFAULT NULL,
  `token_expires_at` datetime DEFAULT NULL,
  `created_at` datetime NOT NULL,
  `updated_at` datetime NOT NULL
) ENGINE=InnoDB DEFAULT CHARSET=utf8mb4 COLLATE=utf8mb4_0900_ai_ci;

-- --------------------------------------------------------

--
-- Estructura de tabla para la tabla `license`
--

CREATE TABLE `license` (
  `id` int NOT NULL,
  `name` varchar(50) NOT NULL,
  `charge` int NOT NULL,
  `expiration_date` date DEFAULT NULL,
  `license_type` varchar(20) DEFAULT NULL
) ENGINE=InnoDB DEFAULT CHARSET=utf8mb4 COLLATE=utf8mb4_0900_ai_ci;

--
-- Volcado de datos para la tabla `license`
--

INSERT INTO `license` (`id`, `name`, `charge`, `expiration_date`, `license_type`) VALUES
(1, 'License A', 100, '2025-12-31', 'Type1'),
(2, 'License B', 200, '2026-12-31', 'Type2'),
(3, 'License C', 300, '2027-12-31', 'Type3');

-- --------------------------------------------------------

--
-- Estructura de tabla para la tabla `license_company_rel`
--

CREATE TABLE `license_company_rel` (
  `license_id` int NOT NULL,
  `company_id` int NOT NULL
) ENGINE=InnoDB DEFAULT CHARSET=utf8mb4 COLLATE=utf8mb4_0900_ai_ci;

--
-- Volcado de datos para la tabla `license_company_rel`
--

INSERT INTO `license_company_rel` (`license_id`, `company_id`) VALUES
(1, 1),
(2, 2),
(3, 3);

-- --------------------------------------------------------

--
-- Estructura de tabla para la tabla `location`
--

CREATE TABLE `location` (
  `id` int NOT NULL,
  `name` varchar(100) NOT NULL,
  `address` varchar(200) NOT NULL,
  `city` varchar(50) NOT NULL,
  `postal_code` varchar(10) DEFAULT NULL,
  `country` varchar(50) NOT NULL,
  `latitude` float DEFAULT NULL,
  `longitude` float DEFAULT NULL,
  `location_type` varchar(30) NOT NULL,
  `company_id` int NOT NULL,
  `is_main` tinyint(1) NOT NULL
) ENGINE=InnoDB DEFAULT CHARSET=utf8mb4 COLLATE=utf8mb4_0900_ai_ci;

--
-- Volcado de datos para la tabla `location`
--

INSERT INTO `location` (`id`, `name`, `address`, `city`, `postal_code`, `country`, `latitude`, `longitude`, `location_type`, `company_id`, `is_main`) VALUES
(1, 'STC Soluciones', 'C /Amanecer N30 Local º1', 'La Laguna, Santa Cruz de Tenerife', '38300', 'España', 28.4926, -16.3352, 'office', 10, 1);

-- --------------------------------------------------------

--
-- Estructura de tabla para la tabla `migration_mapping`
--

CREATE TABLE `migration_mapping` (
  `id` int NOT NULL,
  `old_type` varchar(20) NOT NULL,
  `old_id` int NOT NULL,
  `new_type` varchar(20) NOT NULL,
  `new_id` int NOT NULL,
  `company_id` int DEFAULT NULL
) ENGINE=InnoDB DEFAULT CHARSET=utf8mb4 COLLATE=utf8mb4_0900_ai_ci;

-- --------------------------------------------------------

--
-- Estructura de tabla para la tabla `notification`
--

CREATE TABLE `notification` (
  `id` int NOT NULL,
  `type` enum('SYSTEM','CLOCK_IN','SCHEDULE','EMPLOYEE','DEPARTMENT','GENERAL') NOT NULL,
  `title` varchar(100) NOT NULL,
  `message` text NOT NULL,
  `company_id` int DEFAULT NULL,
  `user_id` int DEFAULT NULL,
  `is_read` tinyint(1) NOT NULL,
  `is_system_wide` tinyint(1) NOT NULL,
  `created_at` datetime NOT NULL,
  `read_at` datetime DEFAULT NULL
) ENGINE=InnoDB DEFAULT CHARSET=utf8mb4 COLLATE=utf8mb4_0900_ai_ci;

-- --------------------------------------------------------

--
-- Estructura de tabla para la tabla `permissions`
--

CREATE TABLE `permissions` (
  `id` int NOT NULL,
  `code` varchar(100) NOT NULL,
  `name` varchar(100) NOT NULL,
  `description` text,
  `resource` varchar(50) NOT NULL,
  `action` varchar(50) NOT NULL,
  `created_at` datetime NOT NULL
) ENGINE=InnoDB DEFAULT CHARSET=utf8mb4 COLLATE=utf8mb4_0900_ai_ci;

--
-- Volcado de datos para la tabla `permissions`
--

INSERT INTO `permissions` (`id`, `code`, `name`, `description`, `resource`, `action`, `created_at`) VALUES
(1, 'clock_in.create', '', '', 'clock_in', 'create', '2025-03-27 14:34:07'),
(2, 'clock_in.list', '', '', 'clock_in', 'list', '2025-03-27 14:34:07'),
(3, 'clock_in.update', '', NULL, 'clock_in', 'update', '2025-03-28 11:58:48'),
(4, 'clock_in.delete', '', NULL, 'clock_in', 'delete', '2025-03-28 11:58:48'),
(5, 'rbac.permission.create', '', NULL, 'rbac.permission', 'create', '2025-03-28 11:59:45'),
(6, 'rbac.permission.update', '', NULL, 'rbac.permission', 'update', '2025-03-28 12:00:04'),
(7, 'rbac.permission.delete', '', NULL, 'rbac.permission', 'delete', '2025-03-28 12:00:26'),
(8, 'rbac.permission.list', '', NULL, 'rbac.permission', 'list', '2025-03-28 12:01:24'),
(9, 'clock_in.listall', '', NULL, 'clock_in', 'listall', '2025-03-28 13:57:41'),
(10, 'widget.notifications.show', '', NULL, 'widget.notification', 'show', '2025-03-28 16:50:55'),
(11, 'dev.all', 'Acceso completo de desarrollador', 'Permite acceso a todas las funcionalidades de administración de desarrollo', 'dev', 'all', '2025-04-02 12:05:48');

-- --------------------------------------------------------

--
-- Estructura de tabla para la tabla `roles`
--

CREATE TABLE `roles` (
  `id` int NOT NULL,
  `name` varchar(50) NOT NULL,
  `description` text,
  `parent_id` int DEFAULT NULL,
  `company_id` int NOT NULL,
  `created_at` datetime NOT NULL,
  `updated_at` datetime NOT NULL
) ENGINE=InnoDB DEFAULT CHARSET=utf8mb4 COLLATE=utf8mb4_0900_ai_ci;

--
-- Volcado de datos para la tabla `roles`
--

INSERT INTO `roles` (`id`, `name`, `description`, `parent_id`, `company_id`, `created_at`, `updated_at`) VALUES
(1, 'Admin', '', NULL, 1, '2025-03-27 14:34:07', '2025-03-27 14:34:07'),
(2, 'Employee', '', NULL, 1, '2025-03-27 14:34:07', '2025-03-27 14:34:07'),
(3, 'Dev', '', NULL, 10, '2025-04-02 13:08:50', '2025-04-02 13:08:50'),
(4, 'Admin', '', NULL, 11, '2025-04-02 14:02:48', '2025-04-02 14:02:48'),
(5, 'Empleado', '', NULL, 11, '2025-04-02 14:05:31', '2025-04-02 14:05:31');

-- --------------------------------------------------------

--
-- Estructura de tabla para la tabla `role_permission_rel`
--

CREATE TABLE `role_permission_rel` (
  `role_id` int NOT NULL,
  `permission_id` int NOT NULL
) ENGINE=InnoDB DEFAULT CHARSET=utf8mb4 COLLATE=utf8mb4_0900_ai_ci;

--
-- Volcado de datos para la tabla `role_permission_rel`
--

INSERT INTO `role_permission_rel` (`role_id`, `permission_id`) VALUES
(1, 1),
(4, 1),
(5, 1),
(1, 2),
(4, 2),
(5, 2),
(1, 3),
(4, 3),
(5, 3),
(1, 4),
(4, 4),
(1, 5),
(4, 5),
(1, 6),
(4, 6),
(1, 7),
(4, 7),
(1, 8),
(4, 8),
(1, 9),
(4, 9),
(1, 10),
(4, 10),
(1, 11),
(3, 11);

-- --------------------------------------------------------

--
-- Estructura de tabla para la tabla `schedule`
--

CREATE TABLE `schedule` (
  `id` int NOT NULL,
  `name` varchar(50) NOT NULL,
  `company_id` int NOT NULL,
  `is_default` tinyint(1) NOT NULL,
  `description` varchar(200) DEFAULT NULL
) ENGINE=InnoDB DEFAULT CHARSET=utf8mb4 COLLATE=utf8mb4_0900_ai_ci;

-- --------------------------------------------------------

--
-- Estructura de tabla para la tabla `schedule_detail`
--

CREATE TABLE `schedule_detail` (
  `id` int NOT NULL,
  `schedule_id` int NOT NULL,
  `weekday` enum('MONDAY','TUESDAY','WEDNESDAY','THURSDAY','FRIDAY','SATURDAY','SUNDAY') NOT NULL,
  `start_time` time NOT NULL,
  `end_time` time NOT NULL,
  `break_start` time DEFAULT NULL,
  `break_end` time DEFAULT NULL,
  `is_workday` tinyint(1) NOT NULL
) ENGINE=InnoDB DEFAULT CHARSET=utf8mb4 COLLATE=utf8mb4_0900_ai_ci;

-- --------------------------------------------------------

--
-- Estructura de tabla para la tabla `user`
--

CREATE TABLE `user` (
  `id` int NOT NULL,
  `dni` blob NOT NULL,
  `dni_hash` varchar(64) NOT NULL,
  `email` blob,
  `phone_number` blob NOT NULL,
  `first_name` blob NOT NULL,
  `last_name` blob NOT NULL,
  `password` varchar(128) NOT NULL,
  `modify_password` tinyint(1) NOT NULL,
  `profile_img` varchar(200) DEFAULT NULL,
  `active` tinyint(1) NOT NULL,
  `last_login` datetime DEFAULT NULL,
  `created_at` datetime NOT NULL,
  `updated_at` datetime NOT NULL,
  `job_title` varchar(100) DEFAULT NULL,
  `date_of_birth` date DEFAULT NULL,
  `employee_id` varchar(20) DEFAULT NULL,
  `hire_date` date DEFAULT NULL,
  `emergency_contact` varchar(100) DEFAULT NULL,
  `emergency_phone` varchar(20) DEFAULT NULL
) ENGINE=InnoDB DEFAULT CHARSET=utf8mb4 COLLATE=utf8mb4_0900_ai_ci;

--
-- Volcado de datos para la tabla `user`
--

INSERT INTO `user` (`id`, `dni`, `dni_hash`, `email`, `phone_number`, `first_name`, `last_name`, `password`, `modify_password`, `profile_img`, `active`, `last_login`, `created_at`, `updated_at`, `job_title`, `date_of_birth`, `employee_id`, `hire_date`, `emergency_contact`, `emergency_phone`) VALUES
(1, 0x674141414141426e32596d5f5634566c3277725958475a363863396438776f4165676461666266526952746a714e384853365a54507a7a7675446d42484f4d69614d556e4c4b41314a514857706d45486c6f715f7274654f344d4e41367a727439513d3d, '79f6f354e2a030d16b389824b8cce50ad57f551686169004142c4299952836b5', 0x674141414141426e32596d5f544a3434394877635731706e583567472d72665368476e385841312d7263564768703673565f795467574e4c613575436a3766415f7950514c77495a547264446378465253664a2d554666694e39396a4b6c71784a495074744c744235705a5348796a414d556661634c493d, 0x674141414141426e32596d5f42654d59354e7977746d6c697841756d7861545f6653767436646c436e52784f33375a7975546a7367534a535a336b304150714f6831396e456752706d6f36443548443941536d54786333476e4554667466666465773d3d, 0x674141414141426e32596d5f766447783552715669304a74316244525a6a474c5650766c71726a7038385f6a4f4e3467774d6f47705a53747569505574513942495173444539396f474e55576f704c324e464e707a57426a4e50367a4e5436572d513d3d, 0x674141414141426e32596d5f7a624d7a4c5272756d5948477a6a31394376557275476b4f4b4650484b4c74674f616a376b58465962334d4d45564446506230634c4b43584c4c776954667a72394a337a48755945336132524f77764a3562566e55513d3d, '$2b$12$hZcpF7hg2h.qd6HCJPiKT.U1KHVdmTiFOBZvNEBVGufB6c/f33EHK', 0, '../static/img/profiles/68ff99f39b0442fd9597fce31df122f8.png', 1, NULL, '2025-03-18 14:57:03', '2025-04-02 14:01:02', NULL, NULL, NULL, NULL, NULL, NULL),
(2, 0x674141414141426e32596d5f587945643463385a3353314475676d536a41626764694a334b38446c496a34595f7436526d5355676c472d634e4c5a51647255385877512d577663532d4f3555764173374c797549456f574135415a574f517a376b773d3d, '7ffc45164a97ea2e24d6ccac69f5392b6e254257e6a910bab3568b430c553ccf', 0x674141414141426e32596d5f4b744f7031542d4a6b7a666f4a5077466d5766324c4c5069706933684c536b614d473438693358545a314d34645143514f6e5558636d4b76323156314f7830696a576a48546e3932572d654947693431716a48785f3232544b334258397254684545464e64677a5f6343303d, 0x674141414141426e32596d5f354935666d76746d317851445647653449557643725f57576c5f475443585831367868567a356235374a434c776869754c416a7370716e5f45335734774e37555f4c497169747172515a37583936535f6f52486935673d3d, 0x674141414141426e32596d5f724b79534b5059733455484151677a5a425951716a48672d514c6f582d32546f34656b4763754d646846366532304d7635562d6347757579775f4743356e7632532d465556745230425a2d3172374c4d74634c7641773d3d, 0x674141414141426e32596d5f3770392d6b4e53737679346b4e394b452d6f2d4c656d6c654d67427335664d756852376e6151546a3744754265796f646f544f7771423871464c656f4b79696167755a446347784e726f793155516862726e494573673d3d, '$2b$12$8ViZqcWQhRIf6WKiu8/gdepIAfr2z1UT0U4pIEjYhk60jkRiXNBV.', 0, '/static/img/profiles/default.png', 1, NULL, '2025-03-18 14:57:04', '2025-03-18 14:57:04', NULL, NULL, NULL, NULL, NULL, NULL),
(3, 0x674141414141426e32596d5f30436b4d722d6f693932716635676a6d456365523566333147496678395f74742d3043673072352d496a71424e5838396377755a56515063426d6c316f476c476b6a637457517656447a706530776b6c31566c7677673d3d, '7a684df26f2f8bb28c1574db56ce1da7866b39768114fee96ffe7d0056eb94df', 0x674141414141426e32596d5f49524b61617570794b7654794d5169387538454a4d76737770554c46677859576f62616c47694c41547433643068674d485873716a4363302d5f574a62497671715f516d46612d7758324f75697267597a395f5234385874675757794746556e58324d794234375253324d3d, 0x674141414141426e32596d5f5a52557550415a32624f48525544454449694a5334485a5a366d57756a4b483964744c316c6c31582d6b634a65643579533956736d6243366a4871455739313959374970586f39454672776b4774744165474e476a413d3d, 0x674141414141426e32596d5f7a4c464537746c7754344c50625359502d4b4565357342424557634655632d62504f76575759366e58717162594259725057526a6d577551334b43666f6f3231755a7757455731464238764165694e7a6b6e73736c513d3d, 0x674141414141426e32596d5f534b497033504c6b58766f305a495f77574753776874346d6973503637625a48415738666341744c525633674f496a447243632d4939335f496b626b705368414b65324c6c71466b71436b34495f44504254516d30346c465046414f354373456c34374e454c7363496b553d, '$2b$12$gPuRl93.AqehZe5W0v.crOsGxS5yQ5Dhqhru5.rUafETtdk3DLNcW', 0, '/static/img/profiles/default.png', 1, NULL, '2025-03-18 14:57:04', '2025-03-18 14:57:04', NULL, NULL, NULL, NULL, NULL, NULL),
(4, 0x674141414141426e32596e416352614d727a734a3443684e6c5f613273785663454c673849506d30656a666649315a4932535a4c625f5352324f314b536331326b742d6d526d345844646b346e574e335871612d754f42662d357754746a444847513d3d, '96122f341b20347585729b64b059655ab202d46167965cf981bcd5a688441b52', 0x674141414141426e32596e414270576b634341464a366453366a4d726c57445a5f355074356b78305139746579483269384476704559375673787578536245477155384150726b484f6c71572d3769305158766c577054326d3456497946335a794f624a6b563877334c5f544b595734494578634845413d, 0x674141414141426e32596e41656e344e6a37595a4377747a464e306c537076466c4e50564d7552574f69326d7334696b794633316c596b3641446d742d415a656565585652745572334b47737654386974382d4e4454596f746146464c57796530513d3d, 0x674141414141426e32596e414543616838373677314d775f614a362d4f47786c6e37616c776c33766a484f667a3278494d635559726a6346342d6b524c316c42576a7a38694d366363727a3355544c787365614a305175522d723254796a696e39673d3d, 0x674141414141426e32596e416f70707a4d367030435861596e47546d6163733578633839674663476d457738657a366f3464415a6c3350656a7330354f6a4e35733447624470715736384546574d4130684551414c454b5374674b596c4e2d5930413d3d, '$2b$12$hoJfn2CDmOWJi3VmyKG1FuvFS.Ioy6H/hf.R6jYj4hmbMxb3rAIkS', 0, '/static/img/profiles/default.png', 1, NULL, '2025-03-18 14:57:04', '2025-03-18 14:57:04', NULL, NULL, NULL, NULL, NULL, NULL),
(5, 0x674141414141426e32596e4130636e6d54486269494b33725a3476716f37724d6e725a574f6e43683251664e4944476e754748585473746e6d615252453447346c74596b4e534c4667626a4d636f69773572363836587443646f507778532d4a6c673d3d, 'd0d1bd09ebe6ff19fdf06c96ad2130ac080ac4d56c388c99496894df0981f05d', 0x674141414141426e32596e4175746f6a6e62353958753261663250786b6179544f4a686f4a394e6f574d45596b4341515a6e574b667748367a4f6f363958506f6d6e532d364169546d526771684642646f6b7372573036792d55753537674a31542d4a32624954595651787253616a794f315765397a6f3d, 0x674141414141426e32596e415a6f6563445f6c48442d5f6645486c75735949327967454643747276646c5f34517a772d3379476265596a7a38504f6d38673875556f4d4956357a46485f4676685074583377534e674f573539687930427559576f673d3d, 0x674141414141426e32596e4169764b6931645168534b387a636a334365587178517355727633546670426f614f453832774b7661576a4c3149313979777a6e5967356b6d4453616272594655757a6350574f762d444743436c674a6761644b6559513d3d, 0x674141414141426e32596e41376c51362d375634565a384a49793679534659314b61535a4c495875726b7864364e682d3372793854316752414b584f6278466b57694d554a796f5252694d6a5f69363744334843304f6c38787847325f4361527955685858763233567a3768716176416e5f63504c77633d, '$2b$12$7reUXFT80rbDgbu8uQioVebYFXEOPmCmxRpLK91pF9J6Uyt8jXcMa', 0, '/static/img/profiles/default.png', 1, NULL, '2025-03-18 14:57:05', '2025-03-18 14:57:05', NULL, NULL, NULL, NULL, NULL, NULL),
(6, 0x674141414141426e32596e426d4449526b466374386976585574334332754e7144442d5a386979553632454c54464e486565784435474f6f6b466f7a587a6e50426e427a556544556e6e596d4245326e4c6f6c545f6b6570773866796f6d6e7937673d3d, '737c207d3611907e7e4a9db7341a41ffbb5535e872d7835df930bcc222750497', 0x674141414141426e32596e426f4f4c4d79784d6c355165576e66596d6d46645873737447355665686969524d50765965474e6773347a6965396d78464930704470733677787371554958715361554e37623158676954784f665069734f757846544d576c727a4343666c3131636c727162356a2d4f5774506d4a354331384c6e52413562743765594846456b, 0x674141414141426e32596e426b567677394975304476595067477a627542763035426941706c4279384d71305044336572413179385076336e536334726463326a367150686234734a6730642d54515777644c426e57525636586c4b4c79357772413d3d, 0x674141414141426e32596e42496d58554a633579524858464443555f37626a72524e55564c6b6a3778704b754a4732546c6c546c345852676b35735949554d4976496b455a614c79476d784766734b372d36334359526f725a4e4e6856646f7530513d3d, 0x674141414141426e32596e4237532d73524b55446a384f5f626d6f4b6f396177534648486b622d6562393741735a4f7836684c5330694950597a6e4f677041507739393032666159734841423931786c37726136754579674f74457833425f30573232566c435f68584d7651636966523532635f3051493d, '$2b$12$nF5OrIhOSxsJbbafi5yGDe5hZBVWJPr7.EzW5lu7.Ugc/XHPBgCUO', 0, '/static/img/profiles/default.png', 1, NULL, '2025-03-18 14:57:05', '2025-03-18 14:57:05', NULL, NULL, NULL, NULL, NULL, NULL),
(7, 0x674141414141426e32596e42694c3170437243506e7a5f55306e7063726f5a324b6e4d77655f564f316b6757445479547964434555344e556539535944645438584c6f7a7451426174753541474b4a742d6b375175353149554533786e50487356413d3d, '24649038a0de1ab12cfe163d95defe59b7ae64969b5b2bf4eaa67df7604a95bf', 0x674141414141426e32596e4241645278623646513741694949787275786a5668456c4d324d307839374259476b375946597a344d3779457970666376656255467a5169625242664865324d4454414444554e59386e7a5864534538456443776d67302d724c4454365441516468784e59466c4357434a553d, 0x674141414141426e32596e424f617a41544a495a736f3359426a474b516271552d587561686d547a30663263486e32474d415332384a7846385a347a56417132526854424c734267584765737455484e394c4451576571754746486f3854453655513d3d, 0x674141414141426e32596e426968434c6e367841422d6256674c464c4e3934495f62646335346e576e6274735134646848494e33454a696a4439696935356d453571385766626a5159544a627949414b7a79694a47354c5467736e4d6962585a47673d3d, 0x674141414141426e32596e42446e31714961774e686c524c795638357a37475f674d4d704365614e48656853663658574e4671694a4c485830626b713754687357424252704c733270595a464e7445645163624832616141626d5254424d476362425f6a4f355753484d75456c776541566168704c68593d, '$2b$12$80wJj8SZD5a1IV59IoDkLe4enEifU4.wMKPi.kZfK5CnJlx6OWkw2', 0, '/static/img/profiles/default.png', 1, NULL, '2025-03-18 14:57:06', '2025-03-18 14:57:06', NULL, NULL, NULL, NULL, NULL, NULL),
(8, 0x674141414141426e32596e4237446635494e392d386f4f555a7a3249616d455849354b4835773673626e6c415a4b48554137782d4c6333624969614951464d4c676a57786b36355a315a30526d424f62624731505f6d396b796a7643587369786f513d3d, 'eba77237d54b2b34c920aed2e1d5bd56ca8d4aa16904743d585160d5fe24d8d7', 0x674141414141426e32596e425134716a4a547063326d48684e30314639347175745839626a6f35564f413849457a7578567435677230526f777249305a6c75786736637133584c6f4e414f5678565a554239365f76444c4350315871534c65723344706c77773954754571386a4f7438553474453450733d, 0x674141414141426e32596e42494f43304153533742774c65463832714e59454d6373744258514c617454392d6150794f526d33703071334d73756b6a6d6e32476a4f594c7156346577376775396f5a724e446c636a3049547536454d7255576773673d3d, 0x674141414141426e32596e426c38684e44477378666e4f566d4c6a64396572366459734f787a412d4a514a7951706a57386e52764e476f5742436b6a6e534c2d534732307654616b767948714b745074454952616e32583441744f666769526a2d513d3d, 0x674141414141426e32596e427a7178786e4770546178743442785f704b4b59636135426c416e6b3635556e5054486864653554504356694a30784a4839725f4f3771316f765877456743536a482d5a33476572474d513469303437746a644834387541514c6e446e726e7572537a6172776d374d544f633d, '$2b$12$G2zPzVxmJlhXY0e1md/Ul.LEP.Lbxg7AFWu9tezMFTbOeMWM4ccca', 0, '/static/img/profiles/default.png', 1, NULL, '2025-03-18 14:57:06', '2025-03-18 14:57:06', NULL, NULL, NULL, NULL, NULL, NULL),
(9, 0x674141414141426e32596e43386d766f784c6231685a78677353674361734d2d546b3654515f6679734b5547797561765f485070444d78496450776d435931533967425a586135576873506c6c58586c44376c4c6f467072654979325a6b4a4b6b673d3d, '94bdc7dbff67aa0e1dd1f928870f9847e5492d17f3b01af244b45e9427221699', 0x674141414141426e32596e4351337336467139615070325a6b6645654663664c374543446d7a4336646d494f4c3047615f7a777362483130685042504e37734c2d494f5f4b6a61646d6c39365a72335159346c6b6c42494a7635386a5a49796f74736b6677386b6b4c486e6d615170473034746450596f3d, 0x674141414141426e32596e433137306f49394855754c4f65553867733655484a426d6b4f5451775275554157454870714d45694431476d4679455358434576423133586e45596c736176334d4e777646576a526148374c326e5f454f5458485452413d3d, 0x674141414141426e32596e436a6374706d435062537568794b385a61765a55614e6852417548354375624e42634475584d4a4a72377a55355277786c51676f7a416e436950497a473342486b785634594562345f66706e327178695a4e766b2d4b773d3d, 0x674141414141426e32596e436b63454c4a3764695353356a4c48554f76483457384b575646714d544736444d6f4a7a6c397669304d794c6f395350537279384b5a705951317659474e396277705a475850494b3245384e59424136623359445337673d3d, '$2b$12$eXCYRidpoyNsbNGyp4ys2.l1pd/6CYva/cwzHDic9wFyF7QOFh.8K', 0, '/static/img/profiles/default.png', 1, NULL, '2025-03-18 14:57:06', '2025-03-18 14:57:06', NULL, NULL, NULL, NULL, NULL, NULL),
(10, 0x674141414141426e32596e436d435f7164756d315f527377496d6f4e727a664e487a7a574a357755546b565531524746542d49704567427259325a676f414163396b7252754f51547a4476515769385472654d41515341714c354c456c574c665f673d3d, '0fa4ddafe882c930205065133da2e1bac3c9f86d97e27ce61318c0ad32a83411', 0x674141414141426e32596e436f5176676b443772466d366c63426e4167766e69575a76654968496537556272554a5f7534466b50586e6145746b58536f54714d4a4a683766726971544751644878367241756e6d6a637a56725759675468674b6e697042626139634f5143365a6949415a4452735442773d, 0x674141414141426e32596e4339614c424f356f3541744c4f483575445134674c384978564a725544305373654345525852466d43444d6d386545627563566b68683779774d49555a4138534f325f425a587634713631544d716d50383862724534413d3d, 0x674141414141426e32596e4368584f3973366e57625562566648326c72455569447a52394e34704d6c65716263737436654d694c56624567757539444d5869685f2d306550545155484b5a424b486f454d5a456461465a6e65704a527264444631413d3d, 0x674141414141426e32596e4378786c58427362472d4c485757554d5937554a3663346c6463307969584e6f6d4d6b524b374d395f782d7231647368384c3037414b6556574b394154374e76427a644b6a48617039315144644f59452d4676564363526a6559616c4857437344314932524271546f5930383d, '$2b$12$zWzSCbDTlvMTsrby0M/RZOCzBYk21HwLrYqwyng9PHCV.QNlzvUjK', 0, '/static/img/profiles/default.png', 1, NULL, '2025-03-18 14:57:07', '2025-03-18 14:57:07', NULL, NULL, NULL, NULL, NULL, NULL),
(11, 0x674141414141426e32596e44794c314e6f6164773257596868546e765969494c7a643054584e36384a465938314448304f48394d6c684f5153456951766c6c696b2d3270714f4e484c7a7565596e4a5458776b37545342316e64333844356c6577413d3d, '45c7355a5883ce158a7d227195937b066d108b66b66450a37292e2cb0acf5969', 0x674141414141426e32596e445f564e6738393461465f37315f67777a54657a596832304d39426d704b7479574f6a764f465a7230684957537549525f6c466652574e4d755f76734f576469455f4b694c734d7570626f3144494b303759426c31615771736e30357078786d49305f553442655575325f673d, 0x674141414141426e32596e444351546333316b656e41754965326b36574978704174574c725071747551756666784f6a77656b50425872574d37447a6f5f63397a38494f71415f485257333835542d37516d6f7533544e32686e304e454b67644e513d3d, 0x674141414141426e32596e44306a6571703233447734375a6d305662495148715a43697048516955446334646755734e6742683533567757614934766576742d5778546e6a52426d6133696c5836375348694e5a44614150414e636263527a5366773d3d, 0x674141414141426e32596e44424352706474623442436a4b464656793969554c327a3845714c7463484c424f544e434b44385a573362797a34456533486e50375a62756a7930434231684a726e5456555632754438615f33446b464a474763796c644a564b636d57484e58696331376e724769304c33633d, '$2b$12$sMiaS1kMU.J.VV8IjXsonua9BxrCvhyIPogkgpDSDDkn5iatTQMse', 0, '/static/img/profiles/default.png', 1, NULL, '2025-03-18 14:57:07', '2025-03-18 14:57:07', NULL, NULL, NULL, NULL, NULL, NULL),
(12, 0x674141414141426e32596e4455526c646f7a6a62573456486d726149645555376c76447458575679566656434c37716a694b7369636353544a524b48705942595768423775343754682d4c576e4c674b70583479462d64316e78365741424a5973413d3d, 'bbf63b2aa5a331e9ad10ecebee7e6a4335071a23642922eca769f5a6f95c7c8f', 0x674141414141426e32596e445133496e6373744746416e534877576975444d5463594d50563557414d7736736259624370476e54492d394e762d4856454e304f6a5936704d305847615a314f52677942714147315248787a68356848332d5f576b6256576268574b676d354b693253624e3973336d6b303d, 0x674141414141426e32596e443655626d4c6d34334f74476b78694f55746c3538366d784d45793068567348456866444a5f556b31416e5a65585757703034766e65767142547a785a4e31716559566e3368443373436d593733734e4d3171787275773d3d, 0x674141414141426e32596e4479674d38496437707a614343386a61786579494d7a4635582d48614c34337a4a414d34586e50716b465271716c6c3669785755336250555274317255747271545f306a486b663554537248545852365a73524d4534413d3d, 0x674141414141426e32596e447558395a7a574539584c4d6631524535552d4c315a37384d33514e62395173323556426d49522d4f62523148385757336c4a4b4f6c4c37624776464b6f3073306a4268704a716e54366339584d546a587267775768516e75456956324e7758445563434539394c707671633d, '$2b$12$UnHD.3JMc5Xqec6R1yg55OSkfJJ56/ph9jexyJiu96lL433Q5J5Me', 0, '/static/img/profiles/default.png', 1, NULL, '2025-03-18 14:57:08', '2025-03-18 14:57:08', NULL, NULL, NULL, NULL, NULL, NULL),
(13, 0x674141414141426e32596e455363765f784765556572656b30457053344d4b373361534f6f53505846657156706b5879575574474c50716e56746d6b4f49356c7969674f6562665f584a4867643937524b62337170685f735649633747764a3466413d3d, '499f2b0823904af1debe5f098e76556aaca020cd6f3aef48d4a8cd7ea029ac83', 0x674141414141426e32596e4551734432784f776c6769746534635057565f636c35376a657458637a4f696851305851726247476c717732626b54546c4d626b4662517143766e367554587757376b5463345a7654706d496d346e76684c50564262704c75367a6172514e346662314f665a5146795059383d, 0x674141414141426e32596e45437942436a48797741687232697977714b464a41776e61695a614172514655364c6e547372595a4966536636633334554d6d5848384f367636397077423530474d5279747a737653547346724e5148642d54422d33513d3d, 0x674141414141426e32596e4556392d32336166686c424b5772644546655a594274785273542d7837552d39596a67704966657546624c774378796c635f2d5f667232366438464a366d4a55494a32395856346e434753524c704d41585064565069673d3d, 0x674141414141426e32596e453039335843417667636569385f464e704f45716c4a736b636863653578536e733950384547455f6c5938636c4c4c665a453165506f6b5761504b423561632d51523645795468647976332d72627934366543564c32673d3d, '$2b$12$f7jTfGMm5qMY8Aa2sVJyB.2/jQPlqNNfdxXNglgI7PHzXtKexbNAq', 0, '/static/img/profiles/default.png', 1, NULL, '2025-03-18 14:57:08', '2025-03-18 14:57:08', NULL, NULL, NULL, NULL, NULL, NULL),
(14, 0x674141414141426e32596e4531366c6d52354847435f4d6834454f347849614b776837774d4d55582d6e4d744f463958676477424f5661704735363867424b68337530417167616d5041724a566b4a4e4b4777394d6a613337304b2d56356f6672413d3d, '93c82ea0ed8b2a6d25e4dc4acfaf4d3c4b6d9519a0d915e7decf9bbfd6b54339', 0x674141414141426e32596e4545386335316c717353356566347064687754564d447a6d7765787774624d46543732433449446d4961505648673455644c414330434b4a4d47337378646c46495747614a53775a476c3032774566346365664959344b78556150386c7534305631347057434d58716a53343d, 0x674141414141426e32596e45467831664f413568516f534f31625a574961467655546d754b4854423564354e7648354e4276666e336c7548676a59336f52384e725041346f744a687a7659644249504a6d35656435436e3467657868656437596e773d3d, 0x674141414141426e32596e45754c624c7074786c385a38664936746c6b6d535f4636364f7a4a786b474161656853543436636f674e6141776a4443426c744e467a74574e696257696267506c6641334333615441396c395f416b7a653739382d74773d3d, 0x674141414141426e32596e456d73735a6657414e386961797331554850756478525f634b5a30364c59446d4f462d7955595a39795266336c49685a663846535355592d564c6a4770495561572d663052575232386164656372314654326376335558576c564e6f6f376d6d634972367776316c453730513d, '$2b$12$tCZqnX3YRqmGp2s7FRYN/urJ8RySZJqy9bPfviw48f0csjatnPoSq', 0, '/static/img/profiles/default.png', 1, NULL, '2025-03-18 14:57:08', '2025-03-18 14:57:08', NULL, NULL, NULL, NULL, NULL, NULL),
(15, 0x674141414141426e32596e4573484c6a75645f394c537a69433045347379783775374d54436b41425a7371506246617356385965586f5f437347764371466a7964712d456d64346d537a6f304b6b3249476358507072766c474165554a5f656335413d3d, 'fe834038ae31c88e15d55d9f22365fd6288a593d46d9a8689238215aedf08de6', 0x674141414141426e32596e4531314b372d473934724553327158616d32523357567370754a314f6254524d4e512d714a745966536e784d4f7856503352477a4633305470734978624e6c6d7a764e706b6f6e73426634683857694c4e4f774d3344686752343039596f3546764a6f63427858533567756f3d, 0x674141414141426e32596e454c66644d34594e633762676e7756726d725850733846657a73492d77734e576d66475a4f4b74386868456f323364354750426278674b6d62585f597777763172644742564d5465777a3375354245634e35396f4157673d3d, 0x674141414141426e32596e452d4130716e2d6d4169696c3070364355543146687865305f705f5f3964503355384c30682d504d4738374a78344e54647733454b61725a73515852504c6e426755374b513346445f6a4b465a594e6d6f506d734741673d3d, 0x674141414141426e32596e4549456d4f61646270395165473352424a774265494a6c47533865686b61716f6b3572465f6a35696e39683958706a326d4f47425f67664f38445667624162534543646c53447354353631716867755a573950634759773d3d, '$2b$12$y57pEHt6x0EK3NUMZRnEouv5GeYam33vzIXVbJmcaTfGtUwixKRVO', 0, '/static/img/profiles/default.png', 1, NULL, '2025-03-18 14:57:09', '2025-03-18 14:57:09', NULL, NULL, NULL, NULL, NULL, NULL),
(16, 0x674141414141426e32596e4641564f5378666d6d6248324139702d6f456a4569676732355f6e4837375454417479555f38395a6d385779644b734b4646684466453830755a32466c30485230467a5a4567474d4849445a70337570305559357755413d3d, '7854f332a3eaacc6d9085c9f4d334f82ee458a37e2497eb24e8d56f6bca663cc', 0x674141414141426e32596e466979474e2d4d563245776372536d54786e436469554a614143636b556269486272435a4b4d7576506f775f6a2d5441565a5a4358625841336e5431414c702d2d48464163627865307475347579464b4f472d31483763634176544e76725964726e647850444f574c75526b3d, 0x674141414141426e32596e465353797952636c6b7071304d33544b712d71665565746b4132685462466f77654e4553744e5171487033775977724a6e762d50586c3242696170596159366b516d4c754a417054426f2d54414455583439426b546c413d3d, 0x674141414141426e32596e4645366339634836754a7075686c4a2d71682d616b4b506848626e4e4b67536a667247644874666b68555a6b346e506733574175766b30526e4838366c425036303868374d386745705a7639303054646c334c6b5556413d3d, 0x674141414141426e32596e4631433156415644375932526f664e664966357a735f5471735337646277755374585954576f55385134763932435a615242396c4334376f4965674d6830786c5450413647742d62716e6d445062657a5a4d75746b44513d3d, '$2b$12$srKWZbSQ0OakeuLaYGxSmeVX.UUtVe6rc5XXVf4h0hG5NVmofqqku', 0, '/static/img/profiles/default.png', 1, NULL, '2025-03-18 14:57:09', '2025-03-18 14:57:09', NULL, NULL, NULL, NULL, NULL, NULL),
(17, 0x674141414141426e32596e46394f6347456d504c683142537a5f2d475a6c37736b7965415747714d6b36704b5f6f377274726b54562d474e645043443133496479314e7437724764734c5248496b51665030634b4e49436b6d79316e707057394f673d3d, 'be0496b5f2f2cae897e5b837a2c9a7a7266b8fa7c738f06b21359c49dd1d8a7f', 0x674141414141426e32596e46334169497275564a772d4f697a5551754e345a596a496f4648645161616b773369414b644c396b54654931646143312d445f4269504d4c7477443250596936745638427a7a4269766669473879685765706a6c5548794f4b70537a77355258643862716e4c4149536135773d, 0x674141414141426e32596e464b4c70496744336c654c7a4335503164394a74585f576872347177756f442d393834666e52737331766d716b64584f756c4c487a5539594570307574704d5334485345724769426e6a304c42743350524d43523952513d3d, 0x674141414141426e32596e466477563246436f6276355830734158697746626b4651773676415458446937732d346b395971786545327847316633696d626e377557696737656a4d356358757a57572d74793942396d4a4f764e64687938677978673d3d, 0x674141414141426e32596e46644a466c6a6b7a6147344752467975516f5050474536756564427568326b6e574b4156787366616b4c737a42744e48424561596337566d7743636d67786b435573674d4235705838506e4273665472434265785371555470774663445138646c67327a374770396a4633453d, '$2b$12$y7VDuaQnu2bdDXWIOU01U.xvVsuor63DgII1Vfo7QiPa2HXWeVmLW', 0, '/static/img/profiles/default.png', 1, NULL, '2025-03-18 14:57:10', '2025-03-18 14:57:10', NULL, NULL, NULL, NULL, NULL, NULL),
(18, 0x674141414141426e32596e47305650776b7a696856364c6b55523958566738324f567975566330756b5f414c486c38306a534f4b7569694d453252435a6b6379324867756d5f4854773053376632315769487a4f644a314c6d576868375071677a513d3d, '70aabacd5b477378cd81127f2255bb6f2d147345a02cc74cfe31388435555440', 0x674141414141426e32596e476767596464376b41537841337672584364583144314773576b4d5a412d57664b377350625033706d35374b63746c6c396b5679584e785146583278333053526f374e5032766d6c4f7634764a6947396d354249375a513d3d, 0x674141414141426e32596e476776343575797350513258684e427a4654476538336b6d383369363666756f386331596c46556c42745f5f50394d42367054365638695136734f4b514c5238614c576d6549583478574e76486d433972514f665532513d3d, 0x674141414141426e32596e474e524d2d7371593658724e706b417a78736b3068715556355468536c51497451527332342d6c5a685174363243463157664844396b545f5872512d746d6e4f6967567377556b73526739473456616d397853323278773d3d, 0x674141414141426e32596e4774446274327449537931545f736132556e41477264375055714f743843397a4c3364796d527842546e747833727452656545384c415458546d676f42787254344173536365352d71773646706c3761625036677352773d3d, '$2b$12$xVovvcLZtz7xf0K7l9BC.OG8fuq80iB5fhU46GK16l1jbooI9CcM.', 0, '/static/img/profiles/default.png', 1, NULL, '2025-03-18 14:57:10', '2025-03-18 14:57:10', NULL, NULL, NULL, NULL, NULL, NULL),
(19, 0x674141414141426e32596e4779746a45376b57343167324a754f3268795f4c73595a382d78455731376e766253346e417a354d462d6e44574a4d6c34615a6d4b356b7a6f70494f4762584e3735547465414b354534654d3259416e773767566d58513d3d, '39785202582634f3561fabad8719baad6a733494c179771d938933c4f4457cf5', 0x674141414141426e32596e474c42797871524b69683277694d48324a4278346b5167753838665130634f58577143626c6765384b6e7a754b7a74314f485376714e595271715a63723767656268567a6365302d333035345a70494162686b414c5551716a385a554136707435553956367544714d61614845374f346b44436c6278614e6a79654751636c7449, 0x674141414141426e32596e47344651325251625577716358667156705a746f6d46654a6f4f544a4b4935504132446573627561584a5f516f7337635874786138546b64577a69796662317037375478744c766659645154437334796d2d76515569413d3d, 0x674141414141426e32596e474e57465f775264354750743031516e477646624d766136564c5870677a52307a5168753136655a4e7a3179525545616978736f4f4d2d3259495373344b4842345a6c6d2d4a63334d435059755975445a74664e6572513d3d, 0x674141414141426e32596e47334678454f4a4c5f744e5139546b6c696c3763445079446b57557a5a4a3867612d6f734d42506351624e594b5a346559316d684d726b65627a73302d424d7551744167774e396849776176395f6b614e45445f4e3352336c6f7665423467385548376b6a703274794b67633d, '$2b$12$Pe1n9GYIsH9xa3PFPXwWuemjr/c174hof6/e8mNFrJZkyEXvgYVx.', 0, '/static/img/profiles/default.png', 1, NULL, '2025-03-18 14:57:10', '2025-03-18 14:57:10', NULL, NULL, NULL, NULL, NULL, NULL),
(20, 0x674141414141426e32596e47306a6868766f4a303352386f575161677366354a4674344f6b785853735454783334573732524c77416e69303935586f4b3334335049364638564b3353516179366c2d2d6f493437365432736775524b5f626d2d57673d3d, 'fdaa2feed74cbfe0c45aecd845daf59d071a8aeb225f4bd299548745c32b8823', 0x674141414141426e32596e475667365a6b7579704b6c6b436d4b5474337632306d4237496d61636551756655557844524f5f6f48756c4a3956794b63314848743362543667737855787179556e7a51325957507678374d4b4b4e5047577a644f6d773d3d, 0x674141414141426e32596e47733962386f776677367a64717375523869465a62664c336550525662564f4c41383064364a3432744c6f577832355335763869666e414f7a69642d342d56345f7a443151414c715a33466a685639374a4c4b543956773d3d, 0x674141414141426e32596e47753175487a795455464652445f54667754423652707a34426e41336e49794536516a70415847432d4f425852356e4c364a73505669572d6f315174535f776d3075416e4d6a536f5278456547495656744c48614d70773d3d, 0x674141414141426e32596e476a384a442d6a506a595646686730397a6d31696461737437706b5949356830597256544e795665434a664448746a374873344c4d517637335a6c62656d5a6e6f45374e42707a51397a59336279724755734b444a49467a5f7238424a5a736c745252395f6c724f3277374d3d, '$2b$12$A0zQkiI0l5mTEZLHozrd5eHsozEm9X3cLcayK1ysPiR.bl0wZ22TO', 0, '/static/img/profiles/default.png', 1, NULL, '2025-03-18 14:57:11', '2025-03-18 14:57:11', NULL, NULL, NULL, NULL, NULL, NULL),
(21, 0x674141414141426e32596e48515f4c4e492d66587662794f6e633141384c642d6f785449535768486e61467a6e6f6a5573377469737042625a6b47496c35655a654b5633776d6a666d39654e6a6e6a50476f436c5a5469464d5a6b4d6574624266413d3d, '37e34d4f9d71e5e4d2f079c34144dc15380bfd0296a00c0784af282a8c21b7e7', 0x674141414141426e32596e485a554841526844694838744b4d49316a48704e6d4e5532745764314a5257674d77516b4652485155436341776153477764462d796778644173734959444f676f3478534869786e69466d58726163556e5f6b725a52385542486d63504150725835502d75695259317a68303d, 0x674141414141426e32596e483279307a3367305357624448593077674252434c73306f4f474b51363267625165344f5376643457374953705f66416c38686331356a7a6e6e48776176653747632d4257695a566949414f32754847676b58553543513d3d, 0x674141414141426e32596e48685f7150665541657144325a73626c4d35414573636f45614c6844543772765f5a65337439566e6d4f2d526c6545373236787838326f4364657533436f7453476345526b714d69744b3350356a346d765873796777513d3d, 0x674141414141426e32596e483075696c7535714e556a37544a6a49393455496275356166446c7174766954384d41654367366d467a4a6141344c766563554d77302d4758767a644430684f797538385738354e324b4d5231473330694945716730513d3d, '$2b$12$rVdVbjCQSqnmZWFkP6.OcOUXoJ0y2figDAs07qM6UOEQTkC2k3HK2', 0, '/static/img/profiles/default.png', 1, NULL, '2025-03-18 14:57:11', '2025-03-18 14:57:11', NULL, NULL, NULL, NULL, NULL, NULL),
(22, 0x674141414141426e32596e485770563451737a4430756e67383578686a534177485a307632594a692d444c396530396d5961686336434d6e6a7a6d716772596d3949314f78367551586a3947335668656b795f396866596e3937366a61506d376a413d3d, '3a355a40173d975e4828641a4af460d13463ae08df16907a091b3a8f82c72620', 0x674141414141426e32596e48435a4a6b393367466e72445979675241744535683679477056774f66387356455f4f5972755f67636b72796c36556c6d5a6e6d6854346155747378783378505347425f333844536e6869647967795a4c61705135505747536e674e6e57706c5559682d6d56456667316d493d, 0x674141414141426e32596e4841522d663447394e577a4e31696432774f7a696a765f473232444975643558346e33737672424f41473171716c616f65535044475639455067577a69356277762d63614c5055572d79476a4d5755324b64774e764c673d3d, 0x674141414141426e32596e48794878684d584b5958546379623137456e4e7434522d6c4736377369646f5f394f5f307030427a76547a4f4c6e7379584f587130623634706757337a55474e65554d745075784f55727641545a2d6f726d56646c43673d3d, 0x674141414141426e32596e48686f664333445a6b5a66526d525174545831575774793162346b59644574524a4e545a464157794334756c396154577333536d79534c486239384139306f7742445168794179446536614b6e2d5f4e6c307561586d394f6a567674507139726441424a704e4d64777876453d, '$2b$12$B5o/YHC2HGqyJn2utHPNHOyIEpJ3xnt2aeLSkYX9KrG01u9hLaplm', 0, '/static/img/profiles/default.png', 1, NULL, '2025-03-18 14:57:12', '2025-03-18 14:57:12', NULL, NULL, NULL, NULL, NULL, NULL),
(23, 0x674141414141426e32596e49636255724a4452675761614b5f6861446d4e736241446a4142577535346a646c547054375932654d31476e4c5a69353239417444357862546b6e7545757768374a355847786b645f5f565346534e3734613047356c413d3d, '9756974bd9d465ea6c94112e6bb33a1c045694bfcb4ab60a70405c4cccb1ff97', 0x674141414141426e32596e494c476d794d4938336d44737a326e34453653796e364a7155476365386172635233465a4a624f655a5275793474487671524e58302d2d6646504c6941564d4868364a3232514550416f48303354754172596137464634502d496466786751317a776f3839326333735774453d, 0x674141414141426e32596e497a6a62416c6b4f4e79334f6336434372494d41723465516d3357435858426a30793271316943504f6a545470714267453757704365333844763039554a37386b546c78426c4a6b676744376462356b373330435f4f673d3d, 0x674141414141426e32596e49754e727333526b496377756b57666d46677843314d507666636a356a7873694175644176325847764c5041393658616f5468645a493775554848426c426f557a612d7a76623659626f49386c575257435241666b46773d3d, 0x674141414141426e32596e494c6b47563334473547585375663261376b5674333651526f52436353753937335555495862514f684c5f6d386d536777454559466c766937794c4941307874765347747a6c38576d4e31484f6e4762595a696f336d773d3d, '$2b$12$5llFIerA5pSBNqIM2aDgPe72LJybrZiqFnjp2/iz01rRlWqMpgJfS', 0, '/static/img/profiles/default.png', 1, NULL, '2025-03-18 14:57:12', '2025-03-18 14:57:12', NULL, NULL, NULL, NULL, NULL, NULL),
(24, 0x674141414141426e32596e4948314c6a356275666c6d444c7541484f6d7550576463635a6e624d424f4758443632673444417948724731307442446e61446b71596d6c303038752d5a505375377242384250796978436335547575673366514232413d3d, 'c00f07219680b16cccc9c70febf3c92618e56e339fe57915b52c8920530fb7c1', 0x674141414141426e32596e4977655539436567517347464e58415f5331523039543263487a753872796f6c4f573547706c326d453549525a3841694174476c4d64686e68397766756343544a5436456c6d3349625532307348527042453554546a4561514d59474c5a524f306b59323166547957327a6f3d, 0x674141414141426e32596e493268414d4f474a476c64537733376a34574d6a6247515764483078464968645937535535477930354f566b4a755135537977637250386c38635f64473151336e4a46507a6e4671335442536750442d6273484a5974673d3d, 0x674141414141426e32596e49707a6c2d78596e586164484e594c57545466594b5f76576f6c474b6a436676514d36567a7439516f77616c6c516d336b774d2d5f4d6b6b34332d4e4748416330454c725479685446593347304c506950362d69352d673d3d, 0x674141414141426e32596e49585363594a5a6761474472674b6939713565546d454376496c35577937304d58714a347a43576e78344277556a376770345831434c663778782d5f7768305863545976444a4d71636a4e5a524b587a2d5a6e363751336f41526f5539626671754d4e473071645a364b7a343d, '$2b$12$XYaUEbRtaSFzfAvqNaWdoeYLkcXk5nkbFt8rEmjGlQ2kFY7dyXoEy', 0, '/static/img/profiles/default.png', 1, NULL, '2025-03-18 14:57:12', '2025-03-18 14:57:12', NULL, NULL, NULL, NULL, NULL, NULL),
(25, 0x674141414141426e32596e493376736c696b5461395042423352657841317432523434427233553361534d735f5f33377072637a422d6a53645f314e6e554a66414d304e3755575a444763786f34426d33787955646c6347794230326f4d355338413d3d, '360675c8244da15b728018360c953d6771d0f46289abba47441deb0ac8037dc3', 0x674141414141426e32596e494e676d4e4d2d6e33515952684b337a3454436d68563838735f38454d4a5643757246512d4a417467686d6a4167786a3953465444666c6e5f563178637a61476479484131614e6c625a68676265385652656c387549434944766457367856356b53765f70624b6751396861655f55645347734a417234457350587a6b6a6f6a69, 0x674141414141426e32596e49505a4b456b4e4e656b7a7869696738324c676c79317946456278626c79336c4972737a6a7a757264574875573569566664326667546649653978705541724873335a3271434f44654c6d725a4f5461714134743143413d3d, 0x674141414141426e32596e4949522d2d767368724c6f39454177594a786f4e5a45336e615f2d6d566c7939367949754930475a354f52674d2d6b5f4a504f72444f6a5835334933633763504432676a437a4d79794341423432764f474668316632673d3d, 0x674141414141426e32596e496b78734b59477058574e717931727863323161446f3069753852584b506570424c686e4f5031554d6236686d63497a46313549307957714d594455386f4357357a587370496c375866476c5631316c783456304248673d3d, '$2b$12$YCVOwqYshbjWspIEiW0CyegwHpHcKT8J0QlKo.ETExrCLLl4q2HC.', 0, '/static/img/profiles/default.png', 1, NULL, '2025-03-18 14:57:13', '2025-03-18 14:57:13', NULL, NULL, NULL, NULL, NULL, NULL),
(26, 0x674141414141426e32596e4a526179525435793352464945524f48627a4d4c434e663472315048444c777a3673555744796731317942744b6655503650476e6854464c764c554c5f57506e426a776e4f38696b6d45546e41766e30666b38494256513d3d, 'afdc3563fc3b378f676e1769f8f74dadb60a98fb580c5a3d450798fc5f8f721a', 0x674141414141426e32596e4a4462734c42423859785663426d35634d616e634b53307a7443704c71774d75375256766368346848304761566b53566d6449355379554274724b4e6e6b766d532d31564b422d55346f415238734450696d5456346730673956303272726d55786c62717a35704f446e7a773d, 0x674141414141426e32596e4a686f5a4a5277364f5f494b4d3730427468795f7a5138466d53685279704f71536e494641706647637749505944593643767334567658524331456f4a304f62442d395f513376445550712d4e4e4535367865546135413d3d, 0x674141414141426e32596e4a6b54547332686c48724977516944354e5f30363845454e69464f4171526d74675578364a576a486c7251374539656e6c6a3334646a5364684c5a64584c717148524471417643413337304e6f4739425952325f5f5a413d3d, 0x674141414141426e32596e4a6f5f6d6b76644f6d6f7a496c6a4f535475386e327a5078796847636c6d516f4a5f337059375173737367464c6b47736f662d4447456852514a693435327959324648636e45485555426a4179666f4c4159476d6a5a513d3d, '$2b$12$uSiVW6CFWMsrnXnxcNFZU.eW/Y.oewDfH8TzDzrUHHRQJugDnDLjq', 0, '/static/img/profiles/default.png', 1, NULL, '2025-03-18 14:57:13', '2025-03-18 14:57:13', NULL, NULL, NULL, NULL, NULL, NULL),
(27, 0x674141414141426e32596e4a677a3965397162336436774a707868305159315f33666a7835447965464b674e377631394d6666426b454d4e426b367663774e6a4c464d4c6d36446e484e56323464623975327a6e784e4a35363856577672643856773d3d, 'd193da1178ab85f2b8d939ddd9f42ef4277664c6ab462ea57f674edfb0e3747d', 0x674141414141426e32596e4a664a6c4d61554a4e344e6f797876344f437561584653504931477a7472736d334f70734a4d3268676f63694d6178514e4d544d303652696a472d7963517077776d6f725f33784d69616d633555623136346f416b4957324a706263457a6e377777534a3471414d4b6438633d, 0x674141414141426e32596e4a2d364263465131516a32657078634446726359623159324e4e7163535f594a3067704173534e4d356238462d326e4a5a64482d474e315a5a51646d39743642654464384f39505346346a587056414157706b387a68413d3d, 0x674141414141426e32596e4a32636b6931437964324253635a3967623931414c4e41747830546162705f6c5f4c4f422d6d67514a684f434630684b425a704a754837614374623042467273426b4f666a4a3830764d4533304a6c71695a78703150773d3d, 0x674141414141426e32596e4a6f4a5f4a784668357a4a4f7573576b4c71386642644572757761797144447868447744706a596f2d6d53466c66686e33725067504775375763655158394852554537517a61687771646b7667614f534d7242693352513d3d, '$2b$12$OGS08uX1HIamkJoTHwFtzubKmsdYHL9ZoIsM96lfxpu5rZdvxbKoi', 0, '/static/img/profiles/default.png', 1, NULL, '2025-03-18 14:57:14', '2025-03-18 14:57:14', NULL, NULL, NULL, NULL, NULL, NULL),
(28, 0x674141414141426e32596e4b565050545332344d3475426b6461597652517562536a59566276662d4d70474a41747a7953772d786f5a676c4f4e664d69396e34324f73454530745459626472553954584c733534527532386466324b4244447670413d3d, 'fb93dccd9bd4d1970b24f3de6629e6ae5df2d166872f577d224b199564d7c87f', 0x674141414141426e32596e4b584c56626479522d676d654d415f36614569754332366465344f623270726631614e464173455a686b707678397764677646416a5556747375724152612d5f4867463442595469787a3570544b45534674545971626c4465665838504b75593263623947717154302d616f3d, 0x674141414141426e32596e4b624941504d596a645a66456273314d59365f44756b384e6e7638504f6c587863575868487261564e50654d5a4e476259644a42357a4b675f64696e6678445045794c45414534613879507a30612d5131776566514f513d3d, 0x674141414141426e32596e4b4f326e75545036653179485a746c77327478546d79546f426563367936364166326754455a6e374c70367a4c6e4d665846707742783836384a7654516e4b6b5746546c6b7858764f78336f41656b564e656a494658795779696e48373667475f65422d63706e65726b61493d, 0x674141414141426e32596e4b65525874765674355131676b76343066435f3742506c6e627a47466d6b6842744c7a425947416152424d3454594d5f465741376d796a73315148497a4262695331437570496f6b577934454b4e5944423771746f465f573357537a4b2d725471704563514879425632484d3d, '$2b$12$VkkWlurwo81WSm.rB/5KaOEXqyS0bYpSEwKA2HB/MPdeHyq.0FWey', 0, '/static/img/profiles/default.png', 1, NULL, '2025-03-18 14:57:14', '2025-03-18 14:57:14', NULL, NULL, NULL, NULL, NULL, NULL),
(29, 0x674141414141426e32596e4b595346306a6a674c46706c344f6561307872593545597a74695a526e51385a757832626d6373542d48515f414f79684847346a664630436258647048782d7a69736257627168613964514c44327239713577374655773d3d, '46272b57e052b9a06e0c99c633bba2cd86644ef53d1f97acdf1f7625f0b89f15', 0x674141414141426e32596e4b42514e6b696e486e77797473445934364875553447533343457654685a704161364b6b6447394d41597a795f48436b4c32686177312d3244594e455164544d4747396548633461674d6f346d2d57455965464a6b306f79506a78454b7961546d71383772643142316466513d, 0x674141414141426e32596e4b6c4179484a534c444b624c764c6151544577683957696e705f455f366a644d3051746b4d6b67307956564f30724736564c4673435a32302d304a36686245555575305964747a3468764e4834546368476a48772d32513d3d, 0x674141414141426e32596e4b3133556f4a59645068635736506d4f6d555750304d6835346467513261695a3153417645535f2d7a6f4f74706a366e703153555a4c75355f5a73425a783466584e486b69512d4c74526b426d76395839434e632d58525562454335477a59385379452d75645439456664773d, 0x674141414141426e32596e4b5a655958315f53554d6e334736395761715366444842554178707775625f4968514d6a713033634e6e4d66577364435462344f4647486243694e2d705556487253423766515f434979776776345a4163745a305157413d3d, '$2b$12$igDTClvcx/fRmK1pkxRdluQpDdZL3kjl5Crcs4CBhIM3DFlD/xVzy', 0, '/static/img/profiles/default.png', 1, NULL, '2025-03-18 14:57:15', '2025-03-18 14:57:15', NULL, NULL, NULL, NULL, NULL, NULL),
(30, 0x674141414141426e32596e4b557675754d3343676d4851715f7762384a66694b50556166375f54685f3141766738466732714c5663504f524345636f6a50736262515655424e645558714444477953584a6b7342644b676d5a464f502d66727841773d3d, '64c3a841cbe14f88ac0c60a2948396dd9ea0620649ed705c14dbf6d167add800', 0x674141414141426e32596e4b68345f634b376f723165774d6e68664236575244304b536c5348425165654951786d756573546e4574456b38474e316e516759504a65594b7358766e53325268506c592d4e366c4b36734a72713856552d457346635345384f5f51337a7a5453646c784b435f56397570303d, 0x674141414141426e32596e4b726a646f7353336e434754535a5642516e4f796d49563442736a58414149316763386e504e454a596f564b7531506868544c32783750424d6f5a4e65356e464a36765a4150656c6b6b4766784f796544486d335f77413d3d, 0x674141414141426e32596e4b577344324643704f4130575933526a487358457a666c675f48514d545a394f5345464a786e6a4248526368352d4c704152666775494e345568334e743561376d6c71572d4c757454327a72533957477666367a4165595148654e574244657061596f4d2d414e67315268413d, 0x674141414141426e32596e4b554232756e7248644b614d495346746356682d7675317773577458666a454c6e76486c4c59334e6276596c545766367475655a7a725537795465325358446c754979574962466c7756767266395f383471713361775134715054464a2d635469415857466a676e616c7a493d, '$2b$12$ni.9YgkjKE57pd/geLenZe1CDx4axlK..i6n59uUOZP7VwrNDsUKm', 0, '/static/img/profiles/default.png', 1, NULL, '2025-03-18 14:57:15', '2025-03-18 14:57:15', NULL, NULL, NULL, NULL, NULL, NULL),
(31, 0x674141414141426e32596e4c33463348474f516f365245695a3576705134487a7079455534337367486738315643305549756a52686f45586a4a5a6d4b635671796f685131534f44504c786b43324964707569555958457047753044496f645732673d3d, '2c8754014ec41e18ead86e364e256c34310a3100253a57f50773cdba37f6bcba', 0x674141414141426e32596e4c354c6b327645345645385f6d786e35733151304548764f67667435782d6e7a6a614752443854517935637865627259564c6f64424f444d6c6e35657a2d53714e47457564344e6557796b3933726650636f765347337444786b62516655376f675a434950594a6277465a413d, 0x674141414141426e32596e4c67714365776b646a7252336863786f4d68497556616d775533586b5463385966756b6a50395752647374462d7064327554364a4f693242436f382d476345394b6a4e6e3852415061443144344d4c6e44534c37615a673d3d, 0x674141414141426e32596e4c552d6759564255536f4253694f5a6337326a74655962594a34614e436562375147344135367265486e324e3662345f6e6d6958777366594b78792d3573317a44757a335a6743796f6f66666e38525f6830346c3447773d3d, 0x674141414141426e32596e4c4936546c616e7356417866394451675a47356438676d69446b5470544d5151534f6641677357383644656f4a353137727633315530566750346b70764c435133444d6f6763656f377a5653465331654d754d786b67773d3d, '$2b$12$yPy6rMIjGn68jTDOt8icH.wWBNvNCWaNa2lfS/haySJfAY39ezu/u', 0, '/static/img/profiles/default.png', 1, NULL, '2025-03-18 14:57:15', '2025-03-18 14:57:15', NULL, NULL, NULL, NULL, NULL, NULL),
(32, 0x674141414141426e32596e4c495a6f502d75553650703057646350362d3967653566724a6e535075687544657745725f364264414b6661644f6e744837324b6f36784742787a525f3032754148764e4176313850747a6b756e435a7a647a4c6841513d3d, '7afb2fd1159927cce7ce0df61ac598809c473d1ded4466bcaa58c90bfb378941', 0x674141414141426e32596e4c4e756e6149463646575841356f6d48474f734e5633364a3069356a4b422d4b46553770364e4e76795a44355544736e2d5a42596d6c43314d65527a69356e346343556a704e497066474a70706a2d5f4d615f37716d39437451507233714b6d33384771776f504f6c5371343d, 0x674141414141426e32596e4c6134794f47537a6762517442724a6875434c434841744269734e47416e7257576c3554412d584643664331565054437832637a5848423362575f3643394a653772694f676d4c6c4e486c6c784b7a6d476f39345330773d3d, 0x674141414141426e32596e4c4a59776636462d306241767335537932715763776a6774444177374e7a38437830427036364c7553374d6b6675372d4a5f41613970666639714253696c316a75574b714136674d466f685f59524441626270684a69413d3d, 0x674141414141426e32596e4c586d58433771386d5a635a6269744577333157314c735150384c374c6b73567761736930395f53545f3732796449315742364c465746386b6d54646c4a4f3779336c52586b5867544f6f4a52635f444d714b4c4679673d3d, '$2b$12$YUPmx4NEfzfxStYz4N7wuubD000H9uCXMFtT4sypr0VZqkxKPXCYq', 0, '/static/img/profiles/default.png', 1, NULL, '2025-03-18 14:57:16', '2025-03-18 14:57:16', NULL, NULL, NULL, NULL, NULL, NULL),
(33, 0x674141414141426e32596e4d447142713442714f697a735453553346314b4b5441554a744950654d5f61473938376b616266554469516b45484a74395a6b4e6c643451764f4d4e596247426435476962614a5858746f744e6246454d5851497051513d3d, '0b34cc63aa6fa08c737b3c8b3f09bc7ab8e64dbb6ec97f02af56384997f31f31', 0x674141414141426e32596e4d567255526a66506a39417943765f6c31554a2d687063743330556f7a75324733466d495f5230787343474f54664273584349373554323630646c363056686f54675079482d673930304b3658554a4f635375614774774d31736378555a37723675433851794c71386657513d, 0x674141414141426e32596e4d7a38357077654158766333465331505f5a6e365f3777355a4b614d47706875425049353970793468636a626579757a5275524537377747396e6a7573794f316b4d504241624f48344d303958703976684c52676d51773d3d, 0x674141414141426e32596e4d7a70732d7262487a3378786a317542595a6f67444f6f2d6f6f3032355a764e6f7832633659564f54304b384b4f5555786e42644c773069614b322d6276483864587968765955754a3961712d6b6a5f696b4534476a413d3d, 0x674141414141426e32596e4d6a6f697632332d746c646c6c455150423675523130366775666d63564445686d5330777a76706a456b6b6334364952644d696d317a4931383943586a6f6f6a45384b704c65657361693549516a4a44576c66784763673d3d, '$2b$12$za02soALfhZHTqdYTROFY.IL7lq7DJ4J/fsy6SptbxW7Wa/uWghyC', 0, '/static/img/profiles/default.png', 1, NULL, '2025-03-18 14:57:16', '2025-03-18 14:57:16', NULL, NULL, NULL, NULL, NULL, NULL),
(34, 0x674141414141426e32596e4d2d6756614e6c695a534450782d4668623953496b705f576a54797644694b55567676553769386456305055616b5a487635676a4361314a4b44736a77394f76784d51415a656635684e32727071704f32514f557249413d3d, '4c20e205446b149a27ef558de08011f26e922ecf015232a6ebab6829f9af3e6f', 0x674141414141426e32596e4d786e76336679364774615341436d4b456b6262695050774a705f6549585256793851695a4950466d545f763630646f637243476e43576a746d6675654f41536162496a4a38695a39395447574838716f73714b79347532553651715a586a613149435a473166664b4c75343d, 0x674141414141426e32596e4d4e75333549574e774e5a484a6c764f686138364d2d56725847424d6667314154544c395f662d3875746e38494d424b6d4e6f57566136437749426936793169675a4d4341673333764a344d436f6932464e78696f34673d3d, 0x674141414141426e32596e4d6455714668506a556b5a5f6855765a324a4e7961586a4733376e364550627a463868673132693572756f4c757543623879636d7477643853346e736c72476c6e4b4d3538524b327a446430305a675161436e57336c673d3d, 0x674141414141426e32596e4d715633394c7669615a6232544f75626859446c325f5f315f34763277634d64664477585565674375577532316c4b464f335970386c79614c7657636f685077316f735857616b47725a70425a344a776f6862794a49436a59483047355564617a566a646161616d4b6850513d, '$2b$12$hE5vCfP/xewn0QZ1orK9/uYMGE6mxMwIDeGGFDWC9n6fcNhiij0RC', 0, '/static/img/profiles/default.png', 1, NULL, '2025-03-18 14:57:17', '2025-03-18 14:57:17', NULL, NULL, NULL, NULL, NULL, NULL),
(35, 0x674141414141426e32596e4d4145336c58494f33417035686e784b512d4b74386837563037734c777031582d726b30616775303869744a4c57452d646277524f45705f45726436654a59584b5574317331614d5f4e5675475f4c306b386e733079513d3d, '91676a7fa9f3ea5d161336167c132417d21aff308b1958098f25f92c3a4c81e6', 0x674141414141426e32596e4d62306c545371446a45566d68354b39517830726357446e4e3242584b466e747a5a4c68536352614534454a4977344e52386b673756564a637157475356434a4353626d59414b6a4d69694e6167517773547955477979456b4874545175684a4d6c754642637363346750733d, 0x674141414141426e32596e4d44535f5a6148494a6f4169344c685567434778714431342d7753555434685634466e7a43595658636b7a394b70515a473654564235356c4d56344c556e79483758686f7734754b7275494e7446746d5f72354e375a513d3d, 0x674141414141426e32596e4d78393332304d4a67446a423550753855746a444559357151684d65667a452d653472526f374b77775162364f7a6c4d4a347a484c515978686b7254376972384b36376352477363574c44655149456b4b5f614f5931413d3d, 0x674141414141426e32596e4d6e677849567641384c555333795738384e506b5777336b6362773968314f554b6e4d364353644c30744876685f577269476d755544594742466246574a3954384d7878447442315852304967647252735f4470616e413d3d, '$2b$12$XQk8aEd855TKr8vdMyrBMePav1vU6pLb9MWeqEnAc4vKF8qPilf9m', 0, '/static/img/profiles/default.png', 1, NULL, '2025-03-18 14:57:17', '2025-03-18 14:57:17', NULL, NULL, NULL, NULL, NULL, NULL),
(36, 0x674141414141426e32596e4e53663757444b795339725152545a513037565a4635624772676f4b57374c526b35322d395253757439513638436342686d437171635672763954693745715234726254774562574a36324c78326a36394f6b466673773d3d, '73f339b64e582db0cb05e9a86cac70605242cd082a013d3b4242a5a82fc74746', 0x674141414141426e32596e4e5079316832554a4445326478597577466b52466a5947365f5949334172474d6279363059646274342d575f74696d41546e536761484a773264684e707769635832666a526d7553726c6d73523863496b547647546975633634396755746969732d5258626a61556c624d73394f3270656230627352496937796b4b4236476952, 0x674141414141426e32596e4e4f614a6f76646b357455745337624c447955524e714961486c5667755245375f7478386b515f644170335f6162555a2d4447365f344433624e4f2d504e41716661626f677955794a5f5f4e7363392d72345a325964513d3d, 0x674141414141426e32596e4e4139746f53765f4d767150585479396f6c6f4e4f776743497463547041593732432d6d7530646c50313976653665443074455646674a5f716b53655f4d364b70494734766c3662586a78464b576b7362547a356f44673d3d, 0x674141414141426e32596e4e36674f515a7649566777445855526d377747555f44766b7059556a5a326830305933736f3130354e3378584656614b6f6c77776e354a6d4c5741695a395148496146516448536d584b507166655359522d57326149413d3d, '$2b$12$WdWBnBIRVl4fRon1258bNeEQv/ICLojfPm8J5HmcgtPFdKHd7ok2y', 0, '/static/img/profiles/default.png', 1, NULL, '2025-03-18 14:57:17', '2025-03-18 14:57:17', NULL, NULL, NULL, NULL, NULL, NULL);
INSERT INTO `user` (`id`, `dni`, `dni_hash`, `email`, `phone_number`, `first_name`, `last_name`, `password`, `modify_password`, `profile_img`, `active`, `last_login`, `created_at`, `updated_at`, `job_title`, `date_of_birth`, `employee_id`, `hire_date`, `emergency_contact`, `emergency_phone`) VALUES
(37, 0x674141414141426e32596e4e4e6f61714b564e434a447874716447554f4d717143476b396a63596941347a617161674575636e736e395137574c576445576269754867686f6d78304c334f63456c7a6b7a4f46415f537137566e3236794f433030513d3d, 'aca7af88d6b1699a0136d300c1aafb3278181ef9290fa6570c6c0e539cde2af1', 0x674141414141426e32596e4e78522d514330774e77455a53386e6571645664434750377a61376c4742786a4f434475747a616c68306833467130344d4443547079744e4c6b6134596b72674a69486d71316a302d557356575a5f44465f4f57384532633937695949343172697a536a585f7750662d67343d, 0x674141414141426e32596e4e324334594666676477576336554d6257783539327a463379756b64617333394c5a6452384e47424e39456e6a7146376d486574616e65514b36314b6e4d6f336a6d7759524c77566f4c74466e5377394d51546c4e75513d3d, 0x674141414141426e32596e4e6f766c5758317534373276614859596379525030654c69462d515f48633553654f627235704f656d537070386743486c4f3632324b54316631394b59397562717554476c58634235436b707938444a765f696c4245673d3d, 0x674141414141426e32596e4e5279796459747361742d4b4842697845774c4d757932585566363553516d39534e636371594974546b69354946764d31746f4c41536b637161786146646d504f545a4b4d6a5a42495a317849644d6e33745a31416a366c4d38587345666e6c724a4448556c6f32326944383d, '$2b$12$BQbPv47FBCtiVcYKnTU6.uRxJgMVrdgvp1DdrI13kikyS7kkuDpR6', 0, '/static/img/profiles/default.png', 1, NULL, '2025-03-18 14:57:18', '2025-03-18 14:57:18', NULL, NULL, NULL, NULL, NULL, NULL),
(38, 0x674141414141426e32596e4f4247713643634950375f70665536784237356b504442595976514b76585972484e64477a4f72593249744a6a53687031455f4c6a2d5f5f6543586470466734674b6f6c6e67654153515447497558366c693276524f673d3d, 'ebb89cf5dbfed58f72e5354981a6b475b704944c2834a98887e99db916a4a399', 0x674141414141426e32596e4f5076544c624e53417531616d4b74554e2d393943766738797749385339687a44657972614950545149383632536873304a4f5f736376712d5477454d506e6a6162754c4973452d4b435235723963566c45614734516943644443705263624e65504c4c31626b625f3846673d, 0x674141414141426e32596e4f456d744f43336c754c667a6c4a574779623466314b6755645972475f69737168332d4d38436c55436f39355a6e2d7957497536693455544c552d67716376424d6e6c3052316d323246315164624c6541314d527331673d3d, 0x674141414141426e32596e4f7537463072644853614d5863394563433650796e4255785a7550394d52356c396c4d543239772d2d7038794a6d347a6c6631636d4f5962593534615972545a6551624d486d43716f454f66785749336f6f50426258773d3d, 0x674141414141426e32596e4f746c7a57574b67395f4b507745584e417a784c7074685a4531566369455146463151474e4336534576374e7466472d4549575a5a707269546a762d47455f6f70496130446154693334593931387251633174554552773d3d, '$2b$12$FC5hTYkYfuUQN4a/HK67u.Sg8X7iDdE0KK5tbp1JyloHAlWAWxBsy', 0, '/static/img/profiles/default.png', 1, NULL, '2025-03-18 14:57:18', '2025-03-18 14:57:18', NULL, NULL, NULL, NULL, NULL, NULL),
(39, 0x674141414141426e32596e4f624c4f5f48714d5f4864572d58766e77675a475f495f5843587a78775048305668416841306768597a48506f43546f6d5241425f46382d304c4a58434b5a4b6f594e6c65313264306f415f394e614f32655476324a413d3d, 'f704fcab76b46710ab00f7b22d9e6eeb400a7748e942c7919edf62b55688bce5', 0x674141414141426e32596e4f316f53366f6e744d45366b4f5f4f37736f5a464e6a49303653615a30754f3271525f556b6f385434757577685865417a6f39427a344e745934315a3834656932775a2d3841544c72396c41777a7a61585646737541646e637a7458494c4d4d674b4c727a784273635943493d, 0x674141414141426e32596e4f4558556d71445a41464738793675635a55426870654f5134786b675254353354694e706572487a5642704768416b5050686f344a4b57615770445742626b697a6e58394630385159493467314448306a754866674c513d3d, 0x674141414141426e32596e4f4f45796b394e48414d6f36304438654b454a38724c436349466354567871754477566a784769306b3050764845445539474a2d6958374d393132486964664634444e7937644f797844716e3552686b6a665933725a513d3d, 0x674141414141426e32596e4f4c4e54655675317771314245533449327879797a57787048706739354b4a4649485364743535586c4833696b6d645f43526569447777556a454f5f6f70437642674937412d65787939343376794278784f6e4e6945716a73352d424b546266464368387447374c6f574a673d, '$2b$12$EU4Wovb7E2.wK7F955Z51.613SBxui1whrdISkgyjZDyDQ7Pk2emu', 0, '/static/img/profiles/default.png', 1, NULL, '2025-03-18 14:57:19', '2025-03-18 14:57:19', NULL, NULL, NULL, NULL, NULL, NULL),
(40, 0x674141414141426e32596e506f334b30553846635f37314a6b7a6b433964485a775a63366235493745744447374c54727a715f676a4857376531684d707845446f524b5a30596561796f67426e47626e74653070457a753144676e5671336c6243513d3d, '52af888e0bc706ba4216c2430427e83041608b0b21b575459180ce3f5862d6b3', 0x674141414141426e32596e5034333332634f4b6d3573746e324371352d356d486a4e7337516b6c2d795633737a575355617548476c6f72727052756e574d676a66706931766d3449534c4c41644166324449434a7851734d446e664532304c39545f4865586f312d4e4a6971655543314167555f3870513d, 0x674141414141426e32596e50534b67706f35313659684755622d635743304a6979674b373533365f6a6e4e673244426664582d57636676626b7a462d79774554557055767450547055384257375473574b4139467a532d556330424a3059714b73513d3d, 0x674141414141426e32596e50486c426d44414661374938593058315959726876614f7979307378785f46434456526643474e556e645279684a6e3945536a705a544c49415f6e69656574385554627a6b5737345051764b5f63797a3856795a764c773d3d, 0x674141414141426e32596e507443507472535845366d7032775a2d566f3136414f34584956696d695f5a3234366869394437324c7966746f67674e756c4c7071622d4d756a50474f375932626b59696b6d48776c5a442d792d7465574d4a6f503052715a70487244517859735a53744933526e355549453d, '$2b$12$WKT5xV1ADkjFriMPb/oT5Oaz6p8RoZw8Y5aJ5rmCn9NLJBvtCeVJ6', 0, '/static/img/profiles/default.png', 1, NULL, '2025-03-18 14:57:19', '2025-03-18 14:57:19', NULL, NULL, NULL, NULL, NULL, NULL),
(41, 0x674141414141426e32596e5071496462332d6733504359304256753556747a4578695059504b4f6a49444f71684d5a714e516852796d516464544a61553457726c69753971472d635235334945756d5374524336576442794b553079436f4e6b74773d3d, '6ed21d8ac6373407909e9495389a8b4d2b3626b35cc9e82093ec95b6ca96794b', 0x674141414141426e32596e50714a3543377061787a6d705358593865614449444d5f4b34764754546b6d6c384f4f6a52577a4355714b3638723850514644553057664e2d476c5976426b72544d353864744f4d70784c35397051457150785132496d58436c3659576e774e77356c376669314e47326c673d, 0x674141414141426e32596e50676c6165784450347244534c42336a4b317345394b6b64436436417935316a705539466b4546745f34555a6b6b53567655386a78364c6672354f7a344a447743637431334244503745674d426c744368384b366b70773d3d, 0x674141414141426e32596e506167543650586742625853307676374e476d6c36334c685a7564635a4e6b485242707957736a696d6358517254465a717246324f765074624f6634743467423230505279696937343170466632314b5842766e4d56413d3d, 0x674141414141426e32596e506a35316c386f7a5f7662696e51616b74565450424c46364d536a38553430536b30674b6a3351336d555f35692d656b714455435f7332436b542d494734456332697274683337735170724458394875536735305946413d3d, '$2b$12$r.imeQh2hDW5ObnrykJn6u0QcMY9F124x4NFnsCOifIOBSq9ObXDC', 0, '/static/img/profiles/default.png', 1, NULL, '2025-03-18 14:57:19', '2025-03-18 14:57:19', NULL, NULL, NULL, NULL, NULL, NULL),
(42, 0x674141414141426e32596e50687363326354705644305467697863447749476e6f6a6e4d385a4f474a3575364466443745423766304f37755249397267396b54756771345433546d6e7764463168694c75784a526a6c4177586761344777576d38513d3d, '634da7c49d798815192c27683e20bd2bb76c726c1596446513885d0d84bc1b58', 0x674141414141426e32596e505a6d4965654450595f506f3235505335774b7834556e30666233386b6b4c77677751537642762d6763377864636b567a715f344170334c76797177534f51646c326a485531392d53665979582d7679303671494638595134456d67626e66583436736b6c4f6e71666c2d4d3d, 0x674141414141426e32596e50315855535f33306e44514f585f47443847306b6f6a5a37314133444359396856757959506879362d4f744d2d5330676e695374666a5470356a655f65326430443163466f7a7272434c4e63733176376944684d6f70773d3d, 0x674141414141426e32596e503569587847524238476750346e6c766e38376a364d74584f4c5f663971486e485a39476e4f506a535652524d674b626772435f663637324d7537424c6f587179305841364c794c47534878395153344d57336e3036773d3d, 0x674141414141426e32596e5077784962743344546c5f63586f364b4f76656e5776305a63446f337a73486d7a4b6e70612d6376515a324d317a5832704e534459677454695f696f6c78694865634d4362426f685562396d5f775a534e366c495a48513d3d, '$2b$12$pX.mJI/U.Pb1X9HqTvccPOvPQm8eBlBK4J9g4bYeJuyMz1omlDAmC', 0, '/static/img/profiles/default.png', 1, NULL, '2025-03-18 14:57:20', '2025-03-18 14:57:20', NULL, NULL, NULL, NULL, NULL, NULL),
(43, 0x674141414141426e32596e514f367947765a70595a4336765765324578446148755157744138666b777963445f4e49664a6b5332314d5f6552336d5a45514437525954434a3176305876473457663142506e4248566d7374656237314b72365970513d3d, 'd48f8e55fa4d7669e197184601597ed48eda32e7b41bead4a85ad84f83c65186', 0x674141414141426e32596e5147507862744265685634695170685541574661532d77626c6c724742643452487375544d737863785a596d5f37634c635147436a5662656547783154765a766d792d4b7569712d50356b5064486d57586c68454b763036334664507757646b364a794f6a31413350556d633d, 0x674141414141426e32596e516a415661575359436564666a424b494d5354747878466d6c786f564e6d69645f6d4670416476394c5669446a666d485366414a6a422d6d445156734d46644d485839686e5f6e45547a475536623179324136777631673d3d, 0x674141414141426e32596e515a675f426e4432486a6f6c6654564834746c3178626a6a6e376a4d647a67635a46366a356552696c586a5f3245494d344b4451554a6536626f70495f347371457a4661396d63726b32694637685069597075473564513d3d, 0x674141414141426e32596e515458462d3351307075714b6f36676a32452d416f5557636e45667153354b4954346f515742694f486d484d6254646536486a5133766a476d757269443978616365355a67556b4c51474c4a454e646538305a495649513d3d, '$2b$12$Xwgj3K7FXYtn.3lW7LHWNOGqEhEIT7Qgdb/Ot7Ajmr/YwuJxBJyra', 0, '/static/img/profiles/default.png', 1, NULL, '2025-03-18 14:57:20', '2025-03-18 14:57:20', NULL, NULL, NULL, NULL, NULL, NULL),
(44, 0x674141414141426e32596e51524139626d5766644e686f39426b4f4d5f5a77684532746744754b486e4963416c486b6f753777704f74366c7a78396a5f47616249436b6b76755a45646f436c5137617358515755796732333743454c32616c4f74673d3d, '19a65888219de506b38044910b99a5e4e357e8e595075248f605ca6a581d1ce2', 0x674141414141426e32596e51426d59784f784e7a7143464358586b485439707a69614d52346f563258647368574465445870426e44794f5f596a50396244524a31712d496939422d6e2d4f64756c796f734663374a697a5139497236446a59636b43442d4f4e637a6d6b57716851487273504a5a505a413d, 0x674141414141426e32596e51342d705051384b35763563764779436c7362624c715f74485f786a394d4d4259314a69354773417a576e6f38487a316c4c503874737a56666e713759304e31336a37684571414e595935385a6271497a4d79447776513d3d, 0x674141414141426e32596e5161437535373742624231756268674e464d754e4d6a3061782d356e384b714b6368645a3759782d6b583668534d63376f6f6365765576517448556c4e703661474f586d32444f555438305665454e4142387079704a413d3d, 0x674141414141426e32596e514a4374793157456852685a4b56495649725a6e356936634457414c33616d726e6665395562765372614934376a6662393573654139336e653957733237385a6f6241326f5755386e695241334e3265465a2d354b4a513d3d, '$2b$12$PtPmVnMbdBURrXNQFmlL3e.jWj3ubukqAZs3aAnTzW5FcoNwPevny', 0, '/static/img/profiles/default.png', 1, NULL, '2025-03-18 14:57:21', '2025-03-18 14:57:21', NULL, NULL, NULL, NULL, NULL, NULL),
(45, 0x674141414141426e32596e52714952796a48705a5a786343596f4e75736d61785753526237434f542d4b6830325f3872554f66686b7a785f7066706f4935794e594150343179455a48582d5450697266344f723966664e596831574163554b6e73513d3d, 'cb85f4d65df912839623677289aa7dbe93c5ae35a15e3205320276595800f77a', 0x674141414141426e32596e52436662766a30474d5a3874635a4e79685858316c58534d67394c555530727a3146386a704d757755717933475462596c4e5739565079415a574d506f55716a62487a71646e6b35395146786d6836384651524433695853697034526679422d787268634943796c377847343d, 0x674141414141426e32596e52796a746f4954346a41304f525639465f315f496a717874794c48463775517767717971475438307a335039724b584e7954527a5f596c4f6b2d594676506d79623741752d43646d776f396c4e5a574a715158645f6c673d3d, 0x674141414141426e32596e52705469656a5f394f4c753037466b6e77516e636a774b74414b6d6a5252426870535a656a596d46774c394f596d794863596a753965504838666a483962416359687771347a412d4f4d6d35723074365a625677756e513d3d, 0x674141414141426e32596e52434c4b57496149586936316a356955356c745f34646c682d5746716a64744f7a69625a4944674a4f7138795f6e4b716a7a556171512d51454b767a3870617668313058626c39636a5a63476836626e61444f7654512d4139526c446a326a6d655645566f6b6931524642633d, '$2b$12$J6QmB6llnLoYfI6MmXcf2OhOumZDKOU/YprQqF8wiM/N7vQoSuD.S', 0, '/static/img/profiles/default.png', 1, NULL, '2025-03-18 14:57:21', '2025-03-18 14:57:21', NULL, NULL, NULL, NULL, NULL, NULL),
(46, 0x674141414141426e32596e52645544763533556865496a37664d4535674d43755f693834345f4b6a633562744f474a4f57524f794a5566387572794b616a43624770466f7464394a384273316b5f667656695473346770766b524374794158616c413d3d, 'f2fc4b9b77fd585bbe1fed2d976850f45f3afe4d61c31328aad04e1c58c378a8', 0x674141414141426e32596e52576377676e6b42642d55444875714c442d58544749434979634b626155623641466f6c394c374173336871734c4e7a5741345a5f367467314830695f6d676466724a4e6f344936736346746c2d374b7153466231673459727875466555647358504f684e323673615a616f3d, 0x674141414141426e32596e526a794d5834456446675f5346486835452d536a4f6b61766451686c5274535338765352715f494734647469416b6673416c6553795157666c7954336e6c4773684a58736e2d4a317244764f426779634a70426c7149513d3d, 0x674141414141426e32596e523732524d6253484c6b4969567847555a4c53646e52625f77484d4d6e5347525f45616d623876677a45754a66424b6d70776941384c574e6e414e71777a72536a4e625f6d396d3642394173576d6c6365303345502d413d3d, 0x674141414141426e32596e5271786947727857383841506d6b4b5350375a55392d4a5a434167443858734e2d34316e6f6330454a3755536a6575784732535a5377474c484564534459614a2d416c6b3863664c6374717369456d7231366a6e68763333335635534137354377397a72586d4549636c63513d, '$2b$12$ewH/SgOArAE88FcwjEnbaO4bKx4Z1DdpQp3orW0M9vL9QaUTUGLPG', 0, '/static/img/profiles/default.png', 1, NULL, '2025-03-18 14:57:21', '2025-03-18 14:57:21', NULL, NULL, NULL, NULL, NULL, NULL),
(47, 0x674141414141426e32596e5241334c7175436a65777735372d7165547451587074565239573134506b6c6b476638524f3547704e7856766736574a6a69655f56613536746b466e4f6f54514e6d6f47793851544d362d58472d703941464c523736773d3d, '592604d1aa7acc12448fb0ad3f38122fc36cb528b4f2168e420b6e5c10ab9a81', 0x674141414141426e32596e526f65685a30495378564b6e316755455941467275505650686d6c33582d4947435441546a3656797672736c4576464e3070514374414a6757434a53684478704e4c424971336c324332494b594c633154513448355a51484c7a6c545336385f376a6f526c426a64364944553d, 0x674141414141426e32596e5263594b5043387841416a454d727369515676396d546e4c352d4161653377364e576d725756356d5977476432657253684a477434305874535a51754b7252426a36534576384e70545769377462426f4b5872683348773d3d, 0x674141414141426e32596e5233346551537a534346376e75386b6c34474d79786f66585375754e7944376158465542574747326643485841323054392d4545686869544e2d4141364735524a4c4d7a465576466a466478725879784877675a4172513d3d, 0x674141414141426e32596e52777a57666a69724e69637976365139485249386a796e35376d735847484e41774c347830646c48355a736e712d304a4175384f573265465f686944475a39565f6f4b6f4c45424c49756355505f4676634f566d6c54773d3d, '$2b$12$spbwi/qYjrW/Rf1ff7PW/e.rkXaU6jdU2yh27Ou7biwdYwfUskqia', 0, '/static/img/profiles/default.png', 1, NULL, '2025-03-18 14:57:22', '2025-03-18 14:57:22', NULL, NULL, NULL, NULL, NULL, NULL),
(48, 0x674141414141426e32596e53423364735054755a6c797a646a5a646e783149505559746b45434a61576d70744b656935764a5f43394458496861686937622d4b4c52624f774f5a4d346e427162394c4250474d6c537550714a45753533584a5646773d3d, '6faa79602420d72820e24b6c3ae2b962dca1fa702ef28d5aab53eb507aa8e5ed', 0x674141414141426e32596e537a507667716c6775377262574b754a5f3165433265416b486e5a394d43526d4c38667a514334356a7079736f70704654746930514c68593635436b51734e686c5578304d73494f646c50654644744c3962436f55697a675a4d362d6e4d636e394d7031785069425232446b3d, 0x674141414141426e32596e5364684c41554647713262316549446b38713865482d65727767564c76307079747a5f7a48356b32465a73734954696471315969385358424c4e6379765f7330394142474f6c3139316473763061453133436a42344c773d3d, 0x674141414141426e32596e5343797076766935326c453830346e4a694a71327a454e773573706841646b786c6568473167365646574247716474764d3839526f69433435684f4b767572745a6a6c5356686f416d3072543252523936464d345868513d3d, 0x674141414141426e32596e53596f5461712d413962726f394f39655372447154597a54797566463063513748344842524d476b4b32595537374849427a62416d54425f6c6172315f64643862487a796a3663595a35677578494e6533613853656a38594575612d7476686a797766556a496c49495f46633d, '$2b$12$jUH/amNIYFbJ6dhp/EWVLO2bZOPYjTho9EdH6kkW1UHPiY9gyGo9e', 0, '/static/img/profiles/default.png', 1, NULL, '2025-03-18 14:57:22', '2025-03-18 14:57:22', NULL, NULL, NULL, NULL, NULL, NULL),
(49, 0x674141414141426e32596e534e64546d4b463866456468302d4b327076354c325f646e673364797937345f5934306a6a6541464e535452544943347448614f52524851573632662d3670697248466667726175354e4746575957377351736d496e673d3d, '3338b0563d95d7f34c7686de65e8688d5b6d8583afdc9395e6d4aed69bc71884', 0x674141414141426e32596e534b54454a4f495f5179666c6536386e654169703846555933324334766f36487735725158395432666b6a51413169634a34452d4c685179534846616e625938552d4e377473676a5347734b4552514b4159614d4361723649614466654c53736f394a4448333535465738553d, 0x674141414141426e32596e5368474b6a32324b5261315942545168304c65585a6571362d677a4b705274335a4935476437524978795377575973476972626a795259694d74464665444f6f653770693179787035354f48744b397076395f356e48673d3d, 0x674141414141426e32596e536d3338794532776352735a326b77525251744e4f75734a714f7776304a705351546737354f793863504731554476646643532d56755548584e4467667a797a3444684b7a733947765f785f307537397a4636726f68773d3d, 0x674141414141426e32596e5344436455476276504a70366b6a5861454562384a4465445a624a4d5779695742366b6f776764545275426745686667736f626637355f4b4e59327436692d427146762d7564374548656e6d6d5a6b36765174734b712d756144524f446f496d4d4571416e77376a327354413d, '$2b$12$Z.7OEgI4NfF4IliKovRmG.gfsUeq2zyGmL4p0cGFmB0Rw9hdXleDi', 0, '/static/img/profiles/default.png', 1, NULL, '2025-03-18 14:57:23', '2025-03-18 14:57:23', NULL, NULL, NULL, NULL, NULL, NULL),
(50, 0x674141414141426e32596e546e39634a3878704a4131703062337948662d414c2d4e4b5549454e5a306165565f33666743326e4537773647617a4d636a332d4a5f54412d6143767274686c726449307a48556a71535f622d757946364866744454513d3d, '031485fddd81e949d4e13225a4c880d66d04792861420f8d776fcdeedb8adeee', 0x674141414141426e32596e5462706b745a644e74776f4b5179424755366e316b7155483049434e6a70534e654633394c6d434c51693035486730486a726a764275447833496c59314d7756766644323649784f6b476f354b653158434a6b517932346a4f725271597a4773793077756f5f6e53524c31303d, 0x674141414141426e32596e5447637873514d69724e396b4e6c665138505a477a3144534b75562d48357379744c4d35704c594e765663483774534c69765a5361346677493175325943707068624541484d6262364c4b4564574157797a6e367a5a413d3d, 0x674141414141426e32596e543563725063324156614f783946597a6a547166366c6c304e6f743176453675654e6349787335594e7a37324e71734f476356393667575057745f7547394166636d7637756b3674586f72656e4e5f6c76726c6f6d4e513d3d, 0x674141414141426e32596e542d39464d69373043537366377949743374357874646536514b6948426e696f6b5f38562d41456a724373306f7a634743424b647946754e516e6555326832495f624d7931386f6c5857774569663075624d6e744874773d3d, '$2b$12$eAy1QEWiTL2gQRlK8eUvyOh5oafPGolusw4ycxUsf1o/zNbREZUJy', 0, '/static/img/profiles/default.png', 1, NULL, '2025-03-18 14:57:23', '2025-03-18 14:57:23', NULL, NULL, NULL, NULL, NULL, NULL),
(51, 0x674141414141426e32596e54694f586e465855644a42306f444c6a61714b33385179584749694c5a523250505f627a34554b3172424f555f774d58347241426e43464b694854714679464b4344666232777a675564697135336350686f722d7147673d3d, '3da213e39bf6bce9b77e3e99747dce531fc5b390a74ff73bb0aa6ebbd5aaa67f', 0x674141414141426e32596e5448687238377a4d3250366c4b7a72755f4175334d647976444c3767516245584f536a64495a6d707767764267754a77485a72697a6b476972583462316873565344774e4d347047535a4c63776b616c4c336f32324338474f785831314376776148366e46444f74716635673d, 0x674141414141426e32596e54336b74627a3743573035766a7a42384731754344364d584956417a7575515743746759744a61685a636b5263436c555268516a427641516a52414c5a58377a516d6d78754a425a675371372d3064745947434b5165773d3d, 0x674141414141426e32596e54797a4e3864434d646e544b31625845474a44484d6f7a597a7971487a71395776497a6e503079766547554e4a545a4b45524d446f6432584d325f6f4b442d33786f794e315450344b30547561485649724b6249786a513d3d, 0x674141414141426e32596e54697238696b72546a6862483072454e68656557527a67684a4634684d6a5647434759384a772d74482d7456455459794b4c6e7a4244325f6b3041595a7a323954735a73463647366e5963653334666d773439774772574b347635725849716d706c433730576943744a4d413d, '$2b$12$Uc3HbbkEPYIGrhpCnNl/Z.8uLxQtAATwxtVsv7Hpa24t0XV69AMK2', 0, '/static/img/profiles/default.png', 1, NULL, '2025-03-18 14:57:23', '2025-03-18 14:57:23', NULL, NULL, NULL, NULL, NULL, NULL),
(52, 0x674141414141426e32596e546b4970384253487a3458764e5a2d6f5f613174366b435a6769663774524f6e57334d54776152466d626c346c686b486e715234746e624b33504b6e665f752d6c713748756858456c4e7736446e4c30753747617243513d3d, 'daa0247c33e66f6048045225eed4c59dac9c96453452a5cb5a590173fdd4b15f', 0x674141414141426e32596e54705a734450576866714c6b686e444669433168437a4f694a34646552704458624750726b67797769786c546f354e4b5471592d4755584432516241505379494956384e585346543879555566694941312d76565643556b3176674c6a5043774c663064316e69714b4747553d, 0x674141414141426e32596e54756467566c477455694b534b497143784e4e38473874394d516479344855727565674b6b784a70685a5430386256775a54714657316c32675733713847374474546634376a71486e644f45545a662d5273516e736c513d3d, 0x674141414141426e32596e546e6441334c4f685a6e4a4b3345794e4e7951316d68546b396977485f4a3146624a5a784a6b39514265386177396176556e796953646773565458414c4c31306d39642d624e392d746279646372624952734e75755272456b2d7a4363767a6e4a335366444b5256506d56773d, 0x674141414141426e32596e54364d586d5f614e526a534c71686f7a345a4f4a6f3636553857676d4c66586d674c614532364f7646677150684c734330413974324c36796e466135363072364c6450444d2d574e4e4b43414f5559535f6835454e48466972424443586932683059425373533973613471773d, '$2b$12$CTLdVmrngu1pN1qBYhcjKO8Brq4hAjAsvTyzSIXjPzhhiaSo4xT1G', 0, '/static/img/profiles/default.png', 1, NULL, '2025-03-18 14:57:24', '2025-03-18 14:57:24', NULL, NULL, NULL, NULL, NULL, NULL),
(53, 0x674141414141426e32596e555331354a704d33744c724455485458787331335a4a4172685668575045517156716630447447347053317864473972724f75576636674638683657764c674e614b6a684c5f52326753593359647759656f4a6d6d71413d3d, 'e277caf34a4e1930b81b13e455d4c6290e18d9a3e4a8f1337004caa3ac58075f', 0x674141414141426e32596e55746a6c7858595144706938545a51644c443770697850306d36465a4b6d5937426961726b31556e6e386e726d592d55555a38696769456d644b66785869326964736c5f727050373930574f36384b506e39687675724b53737963614a736f7464575855756e65755634483565484f5441764363797358394e4b6d334930614b38, 0x674141414141426e32596e55713354665362485731744c4d7a35686a354737633079456f376666746d6154556e367832426c76697679655a397369596c48304446464f626f5656646930476e3472596d6e704b4353646c4a41646d6f6471584459513d3d, 0x674141414141426e32596e5561684830676e71464f693971412d5f4739734879784d335f4f697032344230335a796d34562d54386d6d5f44764c72676367567151546f336f4d773133477875504e73426d436679474f76335070494453444d513236494969696473526b665247545438414467306a6b6f3d, 0x674141414141426e32596e554839325f7a563733696d495a31326a4667634978747441756745373331445f5f684c2d35595357774c68704b6d586f4137787166357a5854574b574a6b426b5f383057615530563255554462592d474256772d6e586c6868504c4469785f6d5735434931427044446e4e6f3d, '$2b$12$68jgLO0YFpogBeFAG6JvWO6g4HfFyQQQv.wo4CXNXUhufgT2xro2.', 0, '/static/img/profiles/default.png', 1, NULL, '2025-03-18 14:57:24', '2025-03-18 14:57:24', NULL, NULL, NULL, NULL, NULL, NULL),
(54, 0x674141414141426e32596e55393437562d797768334644574d315a623775466b6377584a474f615851653837444975694d6953695331396b6d595658673179556a6d7551552d2d74445270786562724562446f73375030626a625663524e4e6d37673d3d, 'ddab67dd2095c1a100613ad35da74c69503d8061d4be029bfaa4cf76b4f231dc', 0x674141414141426e32596e5571655a774251376b78506a696a6e42444e364736383376394d3362704a7a664b464431565541325150784d77566d727a536d7553677335686a757948385559514134642d44685466594a665f3164556c5a6c6f47505342766c325263453333584370474b56783364685f513d, 0x674141414141426e32596e55455732517061723653674770634f42765a4261446a64654541626d6e54395256634144496e50476a3550566276616c436a6969525f7233714c4d64415767725651484c3668465a6e4b4b3557704b634f5a37665242513d3d, 0x674141414141426e32596e5549615546566f476a7169436c4c6a323431527762616e6d50686a50324f737a544b446957766b32434c32527944656c4f6937334b52323672315f776f31524855564c42726261324437494a57474e72476530366859413d3d, 0x674141414141426e32596e55344a3037384a79455230734c7442764853366e6337706b7438676463793142663253666f4f7743344b4832766d37493334487079617a306876507851665254786b476f5f735f794d6a2d6b57746957543948444b6f673d3d, '$2b$12$cZvvllHWv5FuivXQOCHu3uWab18WdBtU.Ad7jrBcSgTNl0ovOk4r2', 0, '/static/img/profiles/default.png', 1, NULL, '2025-03-18 14:57:25', '2025-03-18 14:57:25', NULL, NULL, NULL, NULL, NULL, NULL),
(55, 0x674141414141426e32596e56775a502d2d5477736a4b51683765314730683238633530356b4f6d39366330357352637764486f6d387a6d414d5f307152647443516337746371696c69634e4f365742345936743072735a667442366c5a4568396f413d3d, 'b55ad3066fa73a6c0b522be3ac09adcbf7ab09cbf458e5ec968bc630236220fd', 0x674141414141426e32596e56323067753058685676433233364b53544b3578756a476f554e31576a4d49414433386452547963513241435f36796c30635335484744745952346a417061475438462d475151744d46646f424f64596c4b56527332784246633533576547317974726935617679466276303d, 0x674141414141426e32596e56776e5863346e4f41544f4d77636450586e683961574977594459344b6b784d59684a307168516450313167385552526d48494c5366413866516d6e69566e315031535a5348684f365462515353615f63322d4e6358673d3d, 0x674141414141426e32596e564938584a384f6d47746354336d6e42314f3163516837633762304568434961596177696f3332707737667a575246444c6573415a42716f69632d6f6745793652614a7874334763595f6a58793272666e512d34675f513d3d, 0x674141414141426e32596e564874525331744c3154775a5f62655f4b7978456d4b7a667156336c455a787564763567793049774a696f656b6f62534e67366354474f6247597a724e41514d42707a7274744d754d764a4d673957534e6548704779513d3d, '$2b$12$tC2wi0PvZXarnTME9BoBdOE0F3fSfi5N65FF9hnK810QF24w6VU2a', 0, '/static/img/profiles/default.png', 1, NULL, '2025-03-18 14:57:25', '2025-03-18 14:57:25', NULL, NULL, NULL, NULL, NULL, NULL),
(56, 0x674141414141426e32596e566742322d347a667a5a765a73363438313142566f3668334e54385372773166496c33504636366774545074554f68433573444e47437654726d62584769504c71354535617833554b44654167704e6a4d7162716150673d3d, '00b1fc156c4841e7ed8282eede6c1056c496b8d1a24d58240030cecf7f11231f', 0x674141414141426e32596e566b7a6972327a41656c6b32726c7752397673796a7869347656645a48363142542d57565f46463754312d456149624233613043565a63584d6475644e68645f48634c636368314a6e5156725a51635873565647536b505351725a355f536c694e757a4e49526c71524558513d, 0x674141414141426e32596e563650764d79557476314f7a5f5336764b4b676e52754e4a6b58457064435663347850434b3969506d5f683445625a6d4e47786c7978746150314d43706f595669476c726d30343237683154797363476e4772376a58673d3d, 0x674141414141426e32596e565950717a374c746f6d5958444b4d46586f544e497a31376d71643155696759385a754c72764a7a6f314f5158584b70636337485677307830783655504745443371454143373159346c67785548666f7a6633796d70673d3d, 0x674141414141426e32596e564d754e4b677045796e616a335156487676387946675167644632624b6e7779756937676c797746496367334e785f49356949634b4c796669624a6c68674d576f3035646963596e593770516e3667304b6a30464e7a773d3d, '$2b$12$9VdDhBI3aTcRfnt5q2f9EeJIVXllAm20lccEM1RVZzp11guVm3dY6', 0, '/static/img/profiles/default.png', 1, NULL, '2025-03-18 14:57:26', '2025-03-18 14:57:26', NULL, NULL, NULL, NULL, NULL, NULL),
(57, 0x674141414141426e32596e566135392d63726149624d4a71474a6d476f453264727441796b397339506f506f485833426f6d394f755f46654d77536a70366e4d596831364a6d4c5f695f6d436e54465749415a4a7a376151474e436e3658546e42773d3d, 'ce727af2b12dd63a8a229e9ea99f7f24b2b84f9042b6feafa361d13d4ea6f185', 0x674141414141426e32596e563247566148767365396c5f6c493637664a6f53334f326b3359513841614c73717170775933475159483773766e463163734d6662746d5445535047624536494e47636a48554f565f4249566c313954303559504b765638413947766137334f64434f49454949305456646b3d, 0x674141414141426e32596e5653793752564647797853556436425678754f70314735706d327674344c505862716c4b7a524159766b6458506a724964786144647a346e7078303943646d683144546b6a68343479445f772d53735331515f4f7557513d3d, 0x674141414141426e32596e5675776a6e3641504b786e514d51527764635253723678622d4b5f32524e796a4b3972547a44375948683358424f5a5f78474758626c4e33304756673936796e65546a544c48636b6f73594b422d7353676977626433773d3d, 0x674141414141426e32596e564439494e656a5944766143435a5a6c4735683934484f364768666b7449724c76725a564a5457436533583750482d3843344a6a4a554d4949744e43593957717a4337417a644c5177336937435871514f45397a7566513d3d, '$2b$12$BjJvmDFpYGH8ovg7lKMVx.QkmPN.2QrUH7TXEIkRWm8ls1z/nuiHm', 0, '/static/img/profiles/default.png', 1, NULL, '2025-03-18 14:57:26', '2025-03-18 14:57:26', NULL, NULL, NULL, NULL, NULL, NULL),
(58, 0x674141414141426e32596e576c72506a2d69766158757344757a3244753055386e5a616b5a5656707a2d344a79456b322d744b486e79547a514f6a5965316c414451626a644836496931366c59523637543450475765546177416855674b4e4978773d3d, '9c6a06f6ac00eaa5474980b60e5f8bd83bf08f9de80f40904d2f5556e8b7e0c3', 0x674141414141426e32596e573765375345505458516a4177324741344f586a6b2d7a774f5366327a594d4e78477161744b4c6137666c703143367755732d33454266573935486f74556452616f415f396936316263736b6c30726c734b5f6267435662646573593858546e7a47495a745f446a344a42673d, 0x674141414141426e32596e5733475153503735466b315f695f4c643579575346347a61336932663636616e4f745964766b64594f706e36525649484142713270344e506e395948344f6454464f33704a6d307632716f44774d42686b5f4e635230673d3d, 0x674141414141426e32596e574641413876587a71455445526b61714471527148753670332d325a715a344b473079454c566c7436674b57652d335873796f597139616a6c486e5f70564c4a4f6a38737364636441544957764533754d587a775f67413d3d, 0x674141414141426e32596e57656f4655314b2d7a74356b626c644166317853615951705442676e6f766a57382d576e7478547871474a4b773654756a675470313543784d636b6772346f32346f444c6b545a5175696c49693259456f785a37464d3858726847786552665630624b56327a4776585a55673d, '$2b$12$owon82pX/0HgowwYzRFyruZN3u7ogO7R64b/zHc/GCw56i4.CsWaa', 0, '/static/img/profiles/default.png', 1, NULL, '2025-03-18 14:57:26', '2025-03-18 14:57:26', NULL, NULL, NULL, NULL, NULL, NULL),
(59, 0x674141414141426e32596e5747562d72346f504c75706b43426336706f485239594c4a76464c4f527438704f4168737050355f756145794271343779745a34416e63486935446a304c4b384c5635725049667661624e37675972386c4651457a35673d3d, 'a525a54c3dfad446359d7dec642fd2d640b912858939cc41f98702f1e8f54661', 0x674141414141426e32596e576c7a73375275583179685358524a4b357970376271785247584e6142524e38684278487a6c53387671367a4a4f50795157387674484c33584d687132523374615f68557065593934447545696873566b79344e3646543062505931395443465f5363425942476554696d413d, 0x674141414141426e32596e574763657542774741706e7a3976795a61695f72796470743757655f565a5f745148326b415a383571436f6a635457706d35623153457558736c4c506771786f767758476469396962735047354d594a5552506c6e64773d3d, 0x674141414141426e32596e57734e5851653452554144396435715a7a553251736d4a4166544a7362314455457a6e36456169365165506e366a426d6335666a354668635836784c4d68716f6c32516244396f6b3269794856697747466d72395767673d3d, 0x674141414141426e32596e5757505a30792d414c4830634d7a5461686e4a585a4d7951754a6c69555a462d4e725543567237734c597150666642615f714838654130576942355045507348673272717431496c6c6e6f746d47504a6450626b6451773d3d, '$2b$12$9/.Xp4npDAILYNxjloWPhOlZBec4Q8POzlnnY37SH2KhpQ7zz4aOe', 0, '/static/img/profiles/default.png', 1, NULL, '2025-03-18 14:57:27', '2025-03-18 14:57:27', NULL, NULL, NULL, NULL, NULL, NULL),
(60, 0x674141414141426e32596e58416131434c39764d53644c5f777a66317a6369414a4677326d785738645735357254496852577964666f386d556f4733736e786d4859356d523676724b4d61706f59504e6449507462663347376f6c686a6c4c7a63773d3d, '2a6924f4d10bce7c4d7bfe8fe17a83f244c2ad01680fc4c1370055fae6d1a81c', 0x674141414141426e32596e585f4e6346665054794765533946396243426d64474b725161537a6b564d3249535f3175427369466c78733667735557755f3871743773637835785f50533474395944464c7a364e7339576a5575616b4743785f56556b7273706b79796b72664d2d794e794d776c724a44413d, 0x674141414141426e32596e5865616759426157594a4966307739634b74424c5f515070436b5546566a773749325a45365f5f6b366874765f5847734574386a59726369746a5f796b6f54346a734a45767568766958584d4f56724c724175436773773d3d, 0x674141414141426e32596e586f6e523349704c4371476e7874326f4b516966524c6667725938675442736c6970577366586b5f61535661463045346e6f4b7671426e796f56546759727837396b5a31364c724c42444d37644d467066686a474c65773d3d, 0x674141414141426e32596e5833735553656a336565625841504f306e725444342d68587959396b463131424970533939653839525878547954674c5a69757479686545615a4d4473505541382d33744b7741514d4635333033516b43763468527654524f516c56734678503555466c595a57324446456f3d, '$2b$12$zFLrqdekrKWj2zth4GvZY.mNJGiTfM9pHZ5tokp1eeG4Lyj6lQoeW', 0, '/static/img/profiles/default.png', 1, NULL, '2025-03-18 14:57:27', '2025-03-18 14:57:27', NULL, NULL, NULL, NULL, NULL, NULL),
(61, 0x674141414141426e32596e584f316f586e4e583862417a694f67795f41765272705730387a756e6c364f4346346e44426c51317635624f384b425053756c355f31795656795f454434524b71534838324b764f2d70653541763144766c5f756844773d3d, '1545a60e1c469916b6b485f82125cf27998bdeb1cd438a5ea09647364ae6ae26', 0x674141414141426e32596e5870446478655330615f625231765251345a56322d5573777262704767746d455455334e697875796a626d334d4b656464576c6470547273394e6459356f766c3259456965562d6277657955354e5142692d4964794f346931306c4f3474414e4e77617a7169764b4d3438673d, 0x674141414141426e32596e58356c7158506e67626872416830596b68484d4436515a3278487a7a6c617939596974434d624e755533644376434f356f326b4c67444331724a67396e44336155474d756c34573747446633714a5f50525145735033673d3d, 0x674141414141426e32596e585a746d77345f743943564e79614c706341453970334151426e5466544457553870476645434f2d51484e3173357a2d5f49574c487235327738422d794a7a68756c6b496c42694a626e43393378364f465557484d75413d3d, 0x674141414141426e32596e582d3235585a7a766a44694c57762d79717265486a34553751614c57366270623155354d61617445486d38576d64527652505f7958695a4c465f646e536c784769504b50696746735277384d67782d55777962342d63413d3d, '$2b$12$JPdS2TRnO04c4y7sxMgxt.MxO713nmZKDj1eG840vOTYQbN/L1wSq', 0, '/static/img/profiles/default.png', 1, NULL, '2025-03-18 14:57:28', '2025-03-18 14:57:28', NULL, NULL, NULL, NULL, NULL, NULL),
(62, 0x674141414141426e32596e585f4a4d4f38544b5a47736f723261427a565553544362486f7557775f47526873675a5069384e3842576e6c356c4f734453394a7443574a6168486259537249773348454f70335461473844534848785f664e786b5f773d3d, 'f5f899a57133dba3ea581c532429b10f0ff8faae54b115b18f156d67636fb480', 0x674141414141426e32596e5869564f33485534307a6b4d41485565643468374b2d377672416e5878796648573253534c385f6c736b616d77706c707135574c37583638546e424835334a5438564f4e7073696f6c74597574466e31417554564444424e316230705964764b577250464757764e79784c553d, 0x674141414141426e32596e584a494e6f536b465a723758725775475f75577a7847386745344d70594f4945446174367349687036753079643858457579653835544835305a69336a4e794559727647743056745f5443744f50533141684a715364413d3d, 0x674141414141426e32596e58474a6545484b54373435526363646c304246696f36597769515a7675645f373852702d54354b37436248754d64656e4276303949304576764d33366c674c665f746c6a3553774832572d52794c373779676b517a58773d3d, 0x674141414141426e32596e585944725f39434f76544456447a4978493846334a7a686b37655f304a366b644a52696a704165435a5374516d494a70764867655366633630493438445a6a4b686b2d32383757382d4e314b794f596f79507651386e673d3d, '$2b$12$pOXOwu.h8LRyCnCQYEDG7O5E49TKO0JxIE9r9G4U9hqMAWuCEApmW', 0, '/static/img/profiles/default.png', 1, NULL, '2025-03-18 14:57:28', '2025-03-18 14:57:28', NULL, NULL, NULL, NULL, NULL, NULL),
(63, 0x674141414141426e32596e59636d35414a6e62596a78396d5535685a30515f5a73615852385857516170766a5479327747756b6d476966436664584b33386458326f543664434a69786648506a47687264302d47556555325f7549585a4578446d673d3d, '448c22b224f843f21d3d0358b349e2414bf748df0de9f1aa6618d72ecabb3466', 0x674141414141426e32596e593955353444653346537946394950753536384b6c3170457742746c3056476b51462d583176777a6f4e526544414d43575545767541396a514e744b484f36707a48485676303866624d4943347638334544414d4659424f3457676e32316f316e5a497a5248365078616a673d, 0x674141414141426e32596e596e665437596c305a48616c796f616355302d7137334450723541375737426477475f554e5569616b2d56343377714a494950432d362d7449496230375a717a585745662d4f444f4a484c3044626e5f447a68654b4b673d3d, 0x674141414141426e32596e5949735f674c476a4f64433551645575344a7a4141585741636751647753646943693334706c3432547653746b31596e7264483563693331714f5831746f6151502d4c6644494b704268654c684d3356687675725f55773d3d, 0x674141414141426e32596e59714b57756c6634336d644f322d7652426973686c4551557a5a7268335832514c337473477a5934744c4f2d74547455303673556f5f6a78683358775f6e586836314c42487232486874333957747473436f53316f4c513d3d, '$2b$12$gAivCHZntmGGzqvRUnK/6eo5FzSKoygaIsuxLRk4bNk2VXYP4lSnm', 0, '/static/img/profiles/default.png', 1, NULL, '2025-03-18 14:57:28', '2025-03-18 14:57:28', NULL, NULL, NULL, NULL, NULL, NULL),
(64, 0x674141414141426e32596e59465435516d3468633959463253527459583075657a797673454d5a2d2d456f5a3130796269363042487638415a4435436350504f777639485f4f4c706b69674b5856564251413679375170496f2d4e3270796b4432773d3d, 'bc7098dc99eb0a0d39e83a14e474d32b119f68c6f745a6a295141e6220ca1fa9', 0x674141414141426e32596e59775454552d69474155644b6c715744446857674f6c634d6e4e75424a513563675a57634762624e53514e7944557678575a4d4d73466a5139305442747a3071686978545074424930486d3767454c72575765527130687966785f5a3159766d755f62444b304e534c6b566b6a31694d58414c76355451722d31694b717461334e, 0x674141414141426e32596e593167624b6c55613241704266625648323379387132755f4a705a517653733667384f484b693554464e575a6f7263776c50424a653451426e45646e38424b6c414d4e727a546c3975496e2d4663626e547862736632773d3d, 0x674141414141426e32596e594d7a726869417863554e2d374536727072726359545863615343784b594e5644586a4d6e3356667968584966594f764a49634b6546477251596f6378345342683577696e753147586e45797434543235664937335938536a4d484b7052314d524f66586c6d7930555363303d, 0x674141414141426e32596e594b564a5f77734c56526a3772746b5044625763417338344a305161546649566c754a343176444768663936676d61314a5a4c4a6c554f7476426a706d4f30334664377070536c587138676a4f4e4370547437436b7838704c3450645156557944576563364a7233377967593d, '$2b$12$m1bMzdyCBnGlX1nmMKk.8.B1HtyGm/Ilz/8IpvP.SMsGJ8WZTKG3S', 0, '/static/img/profiles/default.png', 1, NULL, '2025-03-18 14:57:29', '2025-03-18 14:57:29', NULL, NULL, NULL, NULL, NULL, NULL),
(65, 0x674141414141426e32596e5a5972753074774f6b4f3953346a4756794a4a6346666c75637643554c777046336d2d594a677a487a3034716f445669687266514f536432663337556b544e43787a33464d6f5339566a5a356d62434b794436677059773d3d, '7997b873f131e2f1bd8eeb70f7cbe6b105774ade60a658fe587079812ea41b88', 0x674141414141426e32596e5a544a486263486e4a773032696b6943615a38424243624c304e573257732d4a7566384b7834544e7650305351424334756f4a49587932534767374f7358577161656e764b714a6f34646679614e6c76544968724158536e7577583850433231707571324e413441493374553d, 0x674141414141426e32596e5a5735736466664e635467455869727a566868515944765273396d6335394b494456527048444c59512d366e54444861357359477a38484f7077496b4f44735041633458595f614838586a305670703477497258426b513d3d, 0x674141414141426e32596e5a4d465668585f30304b6579364d795470703843456b6c524679426a506e4d574338796c67703375396736535050593264684c6f574252636a6c6c76454d5862495467794f4832434c4b52344a382d6674594136436f773d3d, 0x674141414141426e32596e5a47382d4f6d6d414b33672d745a7761416e52664d79476b4d7735705055594731506c456257557675736137726766696d676c6f3331547468465276527a5575384b375f57675645497a657635687637484764486b4376755531302d4d436a436e44587668646c6b615048453d, '$2b$12$12NATr0402Eh5wZojeF4N.7Gw2UHxPhUXTI.R/7Ve1kPBr.dBVqVK', 0, '/static/img/profiles/default.png', 1, NULL, '2025-03-18 14:57:29', '2025-03-18 14:57:29', NULL, NULL, NULL, NULL, NULL, NULL),
(66, 0x674141414141426e32596e5a54664776694f7a2d46564c5674455f31456d4152644b45542d42515673636d4746703761724f7353314e4843794d547357786e2d57484a597974594a694c70485f4279306e39436e594f63426f5153344551564a5f673d3d, '4629dcc374079622d4237e1d4c8af48737ca63048c2687aaf2a440580236cb67', 0x674141414141426e32596e5a48535556734b34586350427245546f73536772316c7075767236566a744e685a6864724544454f57616645312d527763394a304264644479736f52412d596d7951714a4631302d4d48537261334b61665857445f34586272684a78746d4e39494e56356b7a5434685a31553d, 0x674141414141426e32596e5a5372714c434637464b5668365f7a44336d6d45576f2d533243663865536e457a644b5864445f53594f4c345848375176694d74484d4569432d537469334279317836573639514d56502d6b464744512d6c5f4d3974773d3d, 0x674141414141426e32596e5a5653664e35445378614d31347837736f4f58504a7871514938694650386f3249677842414f585878356f6e57494939474d5f6c6e41464c486950594c4c6a4b4d75635f4f49305f4b68652d7965707a387a36636d63773d3d, 0x674141414141426e32596e5a364e2d57516e4a536967667276364e35755f763578704d334f48304a6e537142626445704a3551536e37695364357a73475a535751645965397270364c39394632633059645372756e2d55314f7242585630536562513d3d, '$2b$12$chpdaazzR5E0lG5bRaifX.MXOZTrJjDzY7xEHosQLcoAyRDYDY0q6', 0, '/static/img/profiles/default.png', 1, NULL, '2025-03-18 14:57:30', '2025-03-18 14:57:30', NULL, NULL, NULL, NULL, NULL, NULL),
(67, 0x674141414141426e32596e61324c4d314d555a7432685134444446485a53364b425975747459354c347967767a736d4d64714f374c694d6f4947717663437266624c6570677a534b42585559344e734153414a5a515f6574735a765253634d4f6f773d3d, 'a3be2bf1edb1ac9d9794ccf9c1db1bbe80d3ec77cee9549f2c390b187dd273d8', 0x674141414141426e32596e616e615659525038633247763951777a70625568766d6538366a785078505f743941303762315745375f4b41352d4363614e74434c6b61756354456c38413377506e4f613471334d32506246767175424f566f44485163305552657552425a4869736d7342597476443672733d, 0x674141414141426e32596e617a4b6d77305a595778355141617270305641797a73763864786d426e76394a736d3377684273746138304576565368546367357372576958345377634f5a39465a444553364a6a46506f5039774a6b4c624a704146673d3d, 0x674141414141426e32596e614b34454d757a73366c70337a78544d744268685f7039314f67596f486152706e36594439594a383633796e4967466d496d4b64686568596c744a5966766f334d6f5965316e4742325f6e7679774f4c315977536c41513d3d, 0x674141414141426e32596e616545614e75596362703948385f7335733764567350645f67546c41324e474239384c4d374f7237574467385666734f423739647737546c6f30484441694f68576a436b74526654687266535956455467576e676339673d3d, '$2b$12$VjZVgMsvLfx36WpV46ztdetIyXraQ7hxP2Cy4I8RiWdJFrpbJbEme', 0, '/static/img/profiles/default.png', 1, NULL, '2025-03-18 14:57:30', '2025-03-18 14:57:30', NULL, NULL, NULL, NULL, NULL, NULL),
(68, 0x674141414141426e32596e616744616e79784f7455775458496346412d305473647a3646784c585a494a5472413733374c387a6a6a73566b32626c782d576c57415579303539545a4b66623669316c65795f664e72617866736253543947415559513d3d, '5d7005298018338314acd9cd61b82ef28d3e1a9367e80b9b3069d2af9392ad53', 0x674141414141426e32596e6162376f6f74416b753562553951584769673246665f49305677616a424a4d714e6933626e435a5a37774663677a77686b6874676d4f654f3732667a61785032746f75657374426a325a53522d344a6d31513748783179394d66524354634d435749336b76626134457447593d, 0x674141414141426e32596e614e6e554d32744a4c3571744b5872696b3064475f685959364667686664723435793269356b38796f34485447454c7a444a42336e3672633047676a51392d7854752d5054535a357a2d452d63586c347973434a4863773d3d, 0x674141414141426e32596e61704e687132794647754c6f333278567145354b42455a613954476f342d4752764c6633757a4a6250424135466d634337786c64736a745a73575670777a6e2d394645625a724757783237626e4a6f4a4a75764c5337673d3d, 0x674141414141426e32596e613252585357434f646533693078657a624332347864784458766930545f43785356517577545a63464363597a476259576568453668756d4f62344930516e366f316f7861524d4246764877305931704d6651703642306e5f73624a75327651685161676a7669766c334d4d3d, '$2b$12$K8OolIyd4I29kHhfPp5pveerB8YEbwUm.OuvnwAU8U.IzH/FdJ8Zm', 0, '/static/img/profiles/default.png', 1, NULL, '2025-03-18 14:57:30', '2025-03-18 14:57:30', NULL, NULL, NULL, NULL, NULL, NULL),
(69, 0x674141414141426e32596e61384c325f446c504d32515861596459506e374b4b676e4279534e6159515447686f305f30346e5069417a677265626b64684d4b75664d47554b744859784974664c4256584e4e4b6a586b386f787a534b522d464b68773d3d, 'b83dfbf451d9a8813ce7ac4f65feb671ca6e8adf2e47e000be3247ca68dcc5ca', 0x674141414141426e32596e61465278756a64466b534d6e6b65355a357930337153725f4f50434d71484e786472745a30486e666e437944595455494679575755423738756d35426e66486431507959727a5048493970516f62352d34746a304f63544944457a6f466b71344e49714447414458695f33633d, 0x674141414141426e32596e6162515a384d5a6d4d696e69786e484462694d614e3479766356674b364b754a6b384135796f785873326e6a75786a393132685756364d49697a34644e4547657a637456626e6778553135796d5170417943396a2d66513d3d, 0x674141414141426e32596e6131314e6b65436c6455756d6c666730712d6535506f646661654a372d64753154374e4c635456715653335a527335794a7543372d4179564f384c4552545272755f414e41623258346330446f2d734a31766432756f673d3d, 0x674141414141426e32596e6132436e757754506d754c376c7853636d6a7231445f4a4f4765556462364f324b64446765712d4d774a7948656d72584458385a38644f77495351316e48763235675f5a554438384a7a694a6f302d58777632467031413d3d, '$2b$12$xMdHHRnGcGn8A9dXHljdKufa9Hrc0e5h9XX1v5PvjbrP9oKOQcVCm', 0, '/static/img/profiles/default.png', 1, NULL, '2025-03-18 14:57:31', '2025-03-18 14:57:31', NULL, NULL, NULL, NULL, NULL, NULL),
(70, 0x674141414141426e32596f4f3862474f736b453946614f314e35654c443845734a443433785667356f4e6a4e485f637336662d3562733568787148776a4b68636a426c3841306a5047353155616257454f7a65514c4d4a4b7a376a614561747467413d3d, '17853378d372f2d97fc18f21b9a47736a6c004ef273bb8c897cdcdf1b821ea54', 0x674141414141426e32596f4f354d66706d574c356941705054357639726445674d3950376937435a376c4336397246597545396f2d326a5778394d41763153474d586d553166496f49434d7970396e65656b527537794c41346e56756348584a64673d3d, 0x674141414141426e32596f4f45664b485a69454169457535317745556444574435777769444375795246777953754632344b747a51596f445f757651656546714f6d4f6f3278384b627030747a62657a2d7452474662504b797866577272746434773d3d, 0x674141414141426e32596f4f49355337512d767572444a695f3549626c6b55524f57534e4a34534f4961304f4a4b714d77774a736670315f455048566a3541743677626b6435545558646e7a6151386d614f4b66505742743449625f4b4f456368513d3d, 0x674141414141426e32596f4f38736e5639493177336a753679427973374564314933447479636878426e425732614632626271582d6555354e50586649717850344f5f5566636e733773737248715f69664f73546a334851322d4161504c5f6554513d3d, '$2b$12$1wwATxjI6w5ULlW7yqveZOVAWxBKm6IN0cG2JZE2xPhn5l5F1YGfK', 0, '/static/img/profiles/default.png', 1, NULL, '2025-03-18 14:58:22', '2025-03-18 14:58:22', NULL, NULL, NULL, NULL, NULL, NULL),
(71, 0x674141414141426e325970787474704b6f72696a416475714f6646356c4646466f54795a766c435a376538705741634b34384d4c63356c763138383534364d366650574870346f30536b4b426b597551674a324e4b584c667a5a4673535f306d6f773d3d, 'd9d67ba7317a2cfb4b51bab7793eb7bac16dfbde4bf1561ec6b50c44dc7631fe', 0x674141414141426e32597078734c7a355a503432546a4f6b6372714a68376667525264466d4f586a475a6c487a5356714a712d6f50736c7753574e35697631697537326f3341344b59324b4d75454b3845457a55467a45655f4244787a31754d61387849326e656e3242784b484d2d56374b5a687673493d, 0x674141414141426e325970787a697346336a4538336832685a46704e685f72546a76634e6d344a70414861397a703959316e704f6c2d693876786741526352564677445778454e565461627267686a687a477964636b7277533637584e564a4d4d513d3d, 0x674141414141426e32597078434561414758576f76654438565773427a76476a566d7356475f72307041314a41326255397053654f6f4f6b4368766b683058336d452d54345a354c586f7a486b383150746a6a6d64505f32474b5465444168654f773d3d, 0x674141414141426e325970785551444a5345385a55566f7259776d63576a667162716e574d793377416e397538473272565275784a695a6e4551554466466738515431645753317538686b4c515978525a44653758356a4f666262794758724548773d3d, '$2b$12$jFm.QT/RN7LdNbLMvd9l5ekhFiNJH/qzC2ZjxMZqr7J7ClVcPAlSi', 0, '/static/img/profiles/default.png', 1, NULL, '2025-03-18 15:00:01', '2025-03-18 15:00:01', NULL, NULL, NULL, NULL, NULL, NULL),
(72, 0x674141414141426e32597078344e37365a5433507957766d62696f455a4c426f3855517a683755364a33545f716b4a4234326b596f2d393069484d716c426d6144535753453434546254707959414d53426c715a535f61754d5863614f316c7447773d3d, 'e8a0863a96f508224b58ac590e91ec99ef8f69820801f34f1312c93705ae8343', 0x674141414141426e32597078667358734a6a30775f5f6c74394f6c4349526166495976355f4c766b5a3736436336707066527264613871344d445559587164577467496b4e6a542d774f57343565575a77695a7533754c49645841743075374138775350647a386e4a63336a366a35487133684e69434d377a6d7a6b77736d73785f75496664426b41647566, 0x674141414141426e325970786a3145797864384c5070305f6943634867453972414c36425546517a49425852425045646d696975385a39575a626f66524b654f6349497a7143466b6b48634d377935625236454a7178524a615766626c5854712d513d3d, 0x674141414141426e325970785f585f4f5339546f31583149392d487a746b336f706a61776f586a6631657a3351457a6c57534173526b6f32444c544247754277677435744e754c596550506c56646a7a62354c49746c56467541396d5345795468513d3d, 0x674141414141426e3259707855586c5369677947706d6c6e6f787a375549646577567a6261725a5f7163386b673769506b69516153734e526d71784f736f53364571757a35335a51554c7a4f5a78546155436c75477a73555868374357794d5539673d3d, '$2b$12$WQw6C2SxmAc4j36Yux1z1u97JeEdf3VULaN/owBD3THLK61FMx0u6', 0, '/static/img/profiles/default.png', 1, NULL, '2025-03-18 15:00:01', '2025-03-18 15:00:01', NULL, NULL, NULL, NULL, NULL, NULL);
INSERT INTO `user` (`id`, `dni`, `dni_hash`, `email`, `phone_number`, `first_name`, `last_name`, `password`, `modify_password`, `profile_img`, `active`, `last_login`, `created_at`, `updated_at`, `job_title`, `date_of_birth`, `employee_id`, `hire_date`, `emergency_contact`, `emergency_phone`) VALUES
(73, 0x674141414141426e3259707869644155626c2d6f504130745676724d3832385037554e595076646b50333278704c46334a6e6462576f636b30563331726d6870494e544d4f794278355a6c335667714d796e35594c3266764f7270304c76307739773d3d, '6c01d7cf23ed35746e2767157bee9405db4bb25954ea978d073d8dd970feebad', 0x674141414141426e32597078447833475f32644a42466771507731323564447962543873664b426c64783143416567636e6e654b67725356746a464867503732645336557568336c4f48534c7a4c4f7076634d457a68396f316e73785555685638684f4c785845735f50465430634765533336716972343d, 0x674141414141426e325970785f5f624d7a356a703445325f5577614e346c614c6c646b376b30614a384f325a71796d586e4a5047313945317a526f4b3767524e68454651737055696e654b4b4a5a56474c624a482d546d4e43395479444b695661773d3d, 0x674141414141426e32597078334f68634953686844342d675f6f3956496a45416c6269355268466a5231636b4975364f6331313237354a73534d445345724661506b725042786f65544d513536783955766b494674394956714853445f39315879513d3d, 0x674141414141426e325970786a427a337a2d4b41463349524f384835796b5161626e4c7051427564565a735851386d546b30646f58336a58586c6f5a5f4a4244616d653961585f3845545450475a784c61545445354b45317a6e556730716a586d673d3d, '$2b$12$QQ1sMshWpl.xSpb.yoJwQO2CK470oEo49wO6HBGd7NEOM0yYe0lwG', 0, '/static/img/profiles/default.png', 1, NULL, '2025-03-18 15:00:02', '2025-03-18 15:00:02', NULL, NULL, NULL, NULL, NULL, NULL),
(74, 0x674141414141426e32597079587547384541365631334b6234576a317148666b69656963356d346139716f4b744c644f6a3937584675564f42463551684f6a5262706858464f6b494938794f7a5f5f2d304834574e574751314e6f465851347077673d3d, 'ce803cec254382fceb3f771fe1e79cb9a7827a4686567d32d3a3b248273925f3', 0x674141414141426e32597079556e5f5f59347739315a414564305333385f725670623645737466457859575336704756594c30515242694f676850675a374a5239415131754b62516341584c7846384c4b66354b7a5a534130356264784858754b413d3d, 0x674141414141426e325970793139356d71534555335a386248477a6b37782d776f545830686a64496c5778543662435f70786e3850345f66766649746837497879386a484a5576495f44387633666d766a31446d2d513648344561413363427347513d3d, 0x674141414141426e3259707932506d554e7475704a336e7546563031504643486367344848544a67586253504f72784d6f7737712d6954753673524c4263623632695a746a6641575535716f79767458557273447a536c725a496477316f4b6e48513d3d, 0x674141414141426e32597079737562412d706243417276545070327663627a4353505a4747437166655359457276544a4a4b5a474665696a667539303865456d6a4f664f424a4d624a36316a54456e4d335a4376674e505f714448646362525f41413d3d, '$2b$12$zifkkHtiBzDo/q.PXz7EEerkwHII8H3teGVYcwmMzZTjINkVsHk2O', 0, '/static/img/profiles/default.png', 1, NULL, '2025-03-18 15:00:02', '2025-03-18 15:00:02', NULL, NULL, NULL, NULL, NULL, NULL),
(75, 0x674141414141426e3259707946796746754a4c6f5a48584a6a4436776d556f565f6d6b5a4373754267594f706b756f7734685073444f72434e5f6b6d554a7a6b65435a53704861465f4b72484f694364544b57654f307971486d7a3630426f3352673d3d, 'c576f7ce225d6e11e74cd2673316bb037183625cf01b37b4ef2abfe4ecdbe396', 0x674141414141426e32597079344f317941746c376e396349437157664f336f4739774f622d4b5a6e51424263517a3268766d664962762d76304a394747635344774731494279746356516e4d5832314c5a646f5446426542317738377652705469653157425f5a684e4831764858346d336656796a6a633d, 0x674141414141426e3259707965695a764e556f566c35476c774d4a7976735a7046316b76686971742d75586a61774d437537596451684a4f544a66694b59546f5031783135756969555734365f68666c48317078504942644e75557849415f5567673d3d, 0x674141414141426e3259707959796d5a346d644c3579587a4f304b4966374d58764b6f6f7966464845463138324a454b785932694173755039354b57434f73794b47354b535a38493666416864595a695a62614f46397958525a36714f4f4a6856413d3d, 0x674141414141426e32597079766a393331665670666b304b49484a79337a495179486e624a782d454d58577563356d466261716764304e51326a5578674774366c6b5f78314977537661507075454c764638566843704b5572664a594144354255446666493831395f7a776d536d4e42372d5f453355553d, '$2b$12$2U06a4tMBM2xJqikKZcU1esxeyhSuHQsfp9erid2splAKHuaCfd3.', 0, '/static/img/profiles/default.png', 1, NULL, '2025-03-18 15:00:03', '2025-03-18 15:00:03', NULL, NULL, NULL, NULL, NULL, NULL),
(76, 0x674141414141426e3259707a75384c7a58323471376d59436e34614b48764531733543785761673076423451503650386c51304c4675443630554f4c4644697064715345644a543336504f49636d50434d3073336e6f6a544c35662d4a4846755a513d3d, '67d657decf7678cb04f4714ab8a2599f78c7016dad8dc44a4df97720e53f0946', 0x674141414141426e3259707a58644c435a6b46456437415a7666416b356a69543975705748775058466954646b53315f545f59417a54575a4d4d45594442706a345649486978426c6d4e6e514567536a56456d51324b437a584f442d415542393966316c6c627a48464548514d626c334a6730456e314d3d, 0x674141414141426e3259707a6f324a69666f45726c446335554469586a6b74566a334543764575626935544b46554e30706e7a6f30366b69594d6a735a4d33654e632d545f6e314877506d637178503955334a5630614d6d716e5676635446494e773d3d, 0x674141414141426e3259707a764647497356384c477146413557766b346169704e6f5a54364d6f714f706f67556c6234335f676c4b4967713956487a39594867624e7a4f6f715a31335630666f3850774c4a38366c6a6d485469564e61374c5358513d3d, 0x674141414141426e3259707a43664968795f564d586c74664b4b623849334f546c4c625f73427968726635654a683541435a3172307036516555573159786c6b527a66434a4e7935524645727533674f4736624c48304263307a7369526c62376b3252384a6d4472557431714e62325f6130745a5061773d, '$2b$12$8.taqhL7jq4HAEv1yFNJAugmkyFMgeEmtunzkKRZ1Bp.MjAfAeZ5C', 0, '/static/img/profiles/default.png', 1, NULL, '2025-03-18 15:00:03', '2025-03-18 15:00:03', NULL, NULL, NULL, NULL, NULL, NULL),
(77, 0x674141414141426e3259707a4536377442326e4d6c38474545436c762d796947623753484f70544d6a4448632d4132734c77644a4f34486565506731435a4144325836346179597731306d3050657339436856777256727377786a526172423879673d3d, 'c9af2db0d667f51d68cd5378a702f1774168cdee8ddc7e1d76fd6af14eb66b75', 0x674141414141426e3259707a455a424d796d427a4e577655464169694c6444394f43326b30304b507238464e536a4b3334515451315171586936724f713831694b4c31754969456c4536556249467a7376344d66344a565a664866316d4d504c5a39476b57794c71482d6b5850676f37463753336d38303d, 0x674141414141426e3259707a587a567641554777324259746971363631364875566b2d6d635f7a56394c363679663277746866684f417735784c766f3231422d6e5a4a44333155534b46446170335630327037424a7377566b314e4a484a666269413d3d, 0x674141414141426e3259707a583637776f4e6e39474d665244554b63475465743378304e735057424a4e6d6c6c7951635542786d66392d55724b6d55765364684856656b6a525665494777497459654c636f3671504d35454c4131664851505951413d3d, 0x674141414141426e3259707a564a387050305862744f4738615f5676664972754f35345a76397a5f564c316131666344626f61573276354c44437656396a483444694a526a76683650724939324f47736650383834304f66593274347379676677773d3d, '$2b$12$Yf1GxCOFgCDTtNrrifFRte3MdAAzX5qNmMj5I7e8H9xs2ehSfYopm', 0, '/static/img/profiles/default.png', 1, NULL, '2025-03-18 15:00:03', '2025-03-18 15:00:03', NULL, NULL, NULL, NULL, NULL, NULL),
(78, 0x674141414141426e3259707a67716658383179526f32556b594451445961327a3957346b317a634a774f6b39516e5a624e377738373966594c714a444a7670474f30505f59705f524e5a6e554a414a695a715633576b6e67644f597658614d4142513d3d, 'bb0ea0ef430f6e6f23e308d619b3e9200b492de49e7b413d4d690424027d706e', 0x674141414141426e3259707a3731444e3370636f39464d74566a386671506b50346933526e67534f335f4e2d756a396358457933764c773565595077383443697844435975586c4f5031424279594949676458412d344c6a4c6a736947646d4375304a4c492d4b73346e304d334462505f435a54476e4d3d, 0x674141414141426e3259707a6374646579634330424b53787a49484b58584d4e2d7054384662464936373767795362654e72336c6533557437744935686b67446230467565656462676937456930644139457773454a4272492d3564635a613634513d3d, 0x674141414141426e3259707a5f357a7068777a756a6f5377684674584f594e6b52784d6f55616f7355524d796a615459414b413573565a5f6c6a6256756b6e6a4354597843794c7a4261447873766157514569486957347935464a4d6a35344453513d3d, 0x674141414141426e3259707a4b7646464c32374674545534646271514d49417a57596c594e786568764479746734767733564a574d30484c6d4a4c47466f7975496e4b6832515941455748714e4a79354f546e5a3870724b5a376c546d4f6f62616c70434e49686b494d4c643758675a47465556656e733d, '$2b$12$vCTdpOS6lZzIROLO1Ul0puK3rhp4MXqDKgA5bKKGXH0PS.sJcen/K', 0, '/static/img/profiles/default.png', 1, NULL, '2025-03-18 15:00:04', '2025-03-18 15:00:04', NULL, NULL, NULL, NULL, NULL, NULL),
(79, 0x674141414141426e32597030724176444e485565554241476a49634c635773756254355a6858494b386b52465838746231584946683268537632352d332d6f6e33444454786b33307233564e3574436d70516b564373384c45526663475f455364673d3d, '10d0c871451ff0ea8708a868efa057f1ec2df1656a0428bea3764befa9f554da', 0x674141414141426e3259703041592d70377a3143735438517552504364596a4644332d4574684f696f384c645654564f47685f72352d426b4d644c68575f36516e74344b6239587a7078625038347330366a57494a6e30563775625834454b3168575f61424e6f6c55716a664f6463414850506b58354b6f67746a706d785874375970527978423746736b66, 0x674141414141426e325970303659515961325478614664636f726b47736a557a6c6569674d7564416c514232724978443178416a5f56626d4a66496667445934464c6e55347a444733574972777145533844476567474736576a757a4b676d496b513d3d, 0x674141414141426e32597030696b6d61542d616969477371505775696d53667a41644d4b57473968334d585f4456326771785a55575742586351696550697954454544714e2d76646c2d76676f4c48493551345736675565477634326a7476626b773d3d, 0x674141414141426e325970304e4838536d6f3468773169626c6c4959304d66652d6c5342677a6b7769586a6931426f5644582d467a72744b5253517855364f4647576257493369793078754a50363254566e6c334a34546c3379573252544e4b4f7379393266476f72744e3836356d4b46743633414c6b3d, '$2b$12$RCVsDcqpv8tkGgJ1RVgHregSj2.gKEFpj1Xr2.x/rt67EOkKjGgYy', 0, '/static/img/profiles/default.png', 1, NULL, '2025-03-18 15:00:04', '2025-03-18 15:00:04', NULL, NULL, NULL, NULL, NULL, NULL),
(80, 0x674141414141426e325970303065554c4b5f754b767643414461426f626a576349746c6e7349495839673447764a4242345931584b393671796142713133524c33754b4976514367514330327571374b304964543178472d73316d395667737364673d3d, '195b81c6d84871ce090f7f51a7a1fa14767661ca9a4f158e4d423b206a648372', 0x674141414141426e325970304967756f496f44534f4455526e6c714d315a4c724270325869616d776a50376e7455543479313361657a5963746170736b644d6c616d5f6c5f465341454f777741395641426f7a7831713359426f5937746365754f78525f7879307a35794e4a4c45684e7a42704b4130733d, 0x674141414141426e32597030537464527a416c6b3148566a3469355a4e4346793550314435413955464b6e334935762d4f78584155687061684b56367854454a747778596a2d7a6275646a4f7a414641494c634d51615646643541795735795050673d3d, 0x674141414141426e325970304d6d6a47444a39314930754949317236344a347a6932586455325358634a6f44395247736d7431753759446c72317764586439456c55625857346e6e686952576150656a4447484542785243456f6e3446756c5350513d3d, 0x674141414141426e32597030614f587771494d63444159666e504a725344677769495763776e2d4d584e764c6f5978395964754d535f6155325869575f31484e497851567165746b495339626846366b696f344a727379666b52756b4a64666774324a784a554f79725a6e415967626d3566777542784d3d, '$2b$12$Ggj/s9FtvK5Mre7A58fP.ugUi0k1o4t5EgL0QllIupeUwXKf/oavK', 0, '/static/img/profiles/default.png', 1, NULL, '2025-03-18 15:00:05', '2025-03-18 15:00:05', NULL, NULL, NULL, NULL, NULL, NULL),
(81, 0x674141414141426e32597031384d4f5f6578425837752d5772326f6e625a69544f4646756e32456b4d6c326d6e7968646a45786c42324b724c38776e7761734231506e36446d374f42394b3347636d5830743172486a346a566f4e4434444a4e6b673d3d, '767cf2c064f7d1dcd8b2c277e1c03068df6db8150fef2261845044582c06e095', 0x674141414141426e3259703152396848714c33356f37373549552d37444134666674346e56354373556f5439365355474f6d4d3770534b6b365a4d355848356c555f6a5676733169696f49694e6f656c5662505932576b4d77314862637575554d33573476644d5948554c534452344f48423138737264544e2d61652d4a537933783050564f4a434b6a466c, 0x674141414141426e325970317330347763614b6771656b3664595379466c62374466764162614b4d775843635f6330773546644930385647647544424d455a56504468335349724268714545545452656a7056654850505a637247682d33754234773d3d, 0x674141414141426e325970313969436e6d6d36766b6e5a64716e47594f773355586138443265387654546555357662316b54676444687938745377735655595a565637623151624f487054686a5573775f6a546652365a434e7552316f64374f41413d3d, 0x674141414141426e32597031723464704a586b736f3954725a78374b706a303452423871434b3732737252414a49594a50477942344f426a565035386357715767717741305471436435574e69564b79595677516d62426937357a6a45534c495175675f564f34754f4b6255535043324b52626a6a46513d, '$2b$12$8rwWi81M0Jb4usrMoenrvemlUnNZ1ZqYrnesU5KjqQp/.Vk2M5aSa', 0, '/static/img/profiles/default.png', 1, NULL, '2025-03-18 15:00:05', '2025-03-18 15:00:05', NULL, NULL, NULL, NULL, NULL, NULL),
(82, 0x674141414141426e325970314974424f6c7976422d7753544b302d32744e5279306c3666344b776a414f776273305f785a794b673736454f6c35715769627a6d384b466b5f564b7058314c6d673135684c62326f6175746f503652637839535576773d3d, '5f27684b2fd045478a4c40908192fe2551167cea1beb64003cf94cf907d9c490', 0x674141414141426e32597031685445416f575745487146324d646a685155583575334c7366773850344b355f6c614a745a7a35556e463136445f47576935667232525f4a75464163735134794a4a6f756c46514d495247555a35476b635f4e68555f5864434f43766d794b78666c70705a6a723567326b3d, 0x674141414141426e3259703151754f71507853596530586c424a6176706a32464b4e766879757576746463695a33727969455143544e515f65366c534632475f7070774c547a4d55655269614a36304669706842644466517845464b49624a5030413d3d, 0x674141414141426e32597031433238777a73642d30444e4b536f583337764e7368684d565a4e75372d61565f70494e3045344251443151514b52755069766261376974305f316349326a4c5f7765524151394d3865744b5258446a47554b545961673d3d, 0x674141414141426e3259703130545261513766516335566c45763856386d68435a6c4b6c394b714a335f3365764942672d756a734b376845314b3770646c355f6f4f505466727675544c686d4b4f71325a6250714669345879365a6978343568434c4f686c46792d35695744694c5f524651594a7946453d, '$2b$12$5AXDuvgzFnr4.6puhh7TfussH48Daj0p9jHwONLnlWW8nxi4.D14K', 0, '/static/img/profiles/default.png', 1, NULL, '2025-03-18 15:00:05', '2025-03-18 15:00:05', NULL, NULL, NULL, NULL, NULL, NULL),
(83, 0x674141414141426e325970313472576c6a64626a59377463686379326e56706e76447266486c6168492d544e47495434696435425f707a5665754873744e645372773049454d434c586269426e474277767430733848327262597a52726249355a773d3d, 'a92206ce6a5d7efc62fd80c69d240574e8abc3a219a311006824a6559d575688', 0x674141414141426e325970315634313545556157795561467a7854574c6f7777744d77545354617a6c474b564936514e51594f4f706571485332376c635856764f62674548365f6a585072737974696649436753566537307437766c5333513251576737366d666a667a47384c48506655326c637a6d6b3d, 0x674141414141426e325970316a736754595a5449532d35314f394a636b726f4f4b6645734954675a713662316630704b4a387155663870435a6f55784d67535f70576b4466693059335f305659635a4f69625436637a4847315978346d647a386d773d3d, 0x674141414141426e3259703175594a623656326133597641344d4559735a367643675935314f4a323868456a625649444741467a743562304d537939735674356a446d52566770774f79437558536e64396355555a584a6d3843536278622d732d673d3d, 0x674141414141426e325970315032347774507543724b3948794e6e374767416d32656872613859695455736665524b35536e4f644431677343305351457654774e4a437137674e616c6b4b382d79716f597456676e4d7565354c344e7066776164413d3d, '$2b$12$mNahyAyd6raYzZPVxUpnzenAWwI0r/ckqbihU7vHiXCGq7B.vREo.', 0, '/static/img/profiles/default.png', 1, NULL, '2025-03-18 15:00:06', '2025-03-18 15:00:06', NULL, NULL, NULL, NULL, NULL, NULL),
(84, 0x674141414141426e325970325a49775a59644e674f514d5650444256546339555958644b754e70543751783055476971664e356971687050775042794e4e4a7436614d305157445731684b4553535650497a5135373544386a6253463832354e57513d3d, 'f3414f434eebad5c0ad5076b9d35c731767408406f4d3ef2aa7c3140b224eb73', 0x674141414141426e3259703235655474435430684339657447684f433570583539526e3970334b7871505248655464335a384f4556524f5f42756c41565374464b5f4b6d74513735485562777961546734706862386b6346396266415579496c35655f574a7639456c68734d5a4f6f57415068674572303d, 0x674141414141426e3259703241534466617457426f2d34784846565264456832337143646b4f5f436a4769484c4f585066625f576c30546c7550585a735842675071336c2d736e795173766b4356536f367772723331324e47327347457247422d773d3d, 0x674141414141426e3259703259326b317162674343433650325342376b5f6a457a324a6369685a4c42334f79314f6a4f7258504c45317a465448446e502d41424a436e633841482d5962547068373842595944535833544531586b684f54674d5f513d3d, 0x674141414141426e32597032355a354c5548776c53356262653934414668486b6e6c4131733072494c537246654a6b7447705f7052555057554c7048495a327746636252744d6457796b784f6952694e366a41585f4252725373724651654d4f38615479786168716a386d7476455557386343447758343d, '$2b$12$7dCZ8A0FkGxHZGLBqAYTReSwh0GY3wR9AWC/vBLLvXhxf0ZqIyQsG', 0, '/static/img/profiles/default.png', 1, NULL, '2025-03-18 15:00:06', '2025-03-18 15:00:06', NULL, NULL, NULL, NULL, NULL, NULL),
(85, 0x674141414141426e32597032344c484f4d58426863556635374237693759674937784e3837464a3354694a672d435339456b58775245366c7154473739625f6e457a5031674151747552325974332d4954417943586d69586f3036574c7665746f513d3d, 'c50587e7c94a315a598a64390f9e540d1beaadd0620bf8187dbc062eea21543a', 0x674141414141426e325970326764306578677a567a525235676d2d4f75465544623331532d4c5461635252687256636469364f6250513847574637625f5f6a70385f566c553146312d7930703566707838525748666971387334744a696b586476412d4a42383376387731666d5a795934396a6c654b493d, 0x674141414141426e32597032674c5f66377972636a6c4c6e49494d7841737249454c51675a596e6c325a5753354c692d4c70426858767634573871377a78564849624c6f6d4753425f5a656e5131577a6f6853356d726737386b36685667314e61413d3d, 0x674141414141426e325970324d39764130754872396a573857774f3074573352415441707a694b6d637651573441684a35716646726e795841755071395856764f342d563437527a427367704962474c5254684e3835416f3638476e4664435265673d3d, 0x674141414141426e325970326d776c354352474a376d64766975562d377778547939624c5a3445444c56667664635359764b6737574951734c445a73736475686d774932674e69526a363868366e477553793955695f4f4e2d6b314b63357a346c513d3d, '$2b$12$1vNzK1uT3VfJKoBKXsuXmuupieU08uDRivh8s0fFuMPNbcIniK3Iu', 0, '/static/img/profiles/default.png', 1, NULL, '2025-03-18 15:00:07', '2025-03-18 15:00:07', NULL, NULL, NULL, NULL, NULL, NULL),
(86, 0x674141414141426e325970336d7357445f48635a4a33663664574a52754b796e544d79646a73783331417a5f71664a766e77647441487235324e48455148656b6f774c4370697738513363644c4b39427477436542464158414c5f773149356c55773d3d, 'd96360708bc5dff46facc295c2734f6557a655170e610b372e1b8f0843cb85ac', 0x674141414141426e325970335946544a636a6a4247584e362d4642322d584d2d486372506652776c5f314e416949446f35555145506f4d4e38356176567055367858306a776a3546695a6e3873433036527276514348465a533968362d7768386a6d666b6e3576774b576c656e4d55334c5179333444343d, 0x674141414141426e3259703363694336554e7a6a536b6175516a4e4455345a634e61384744504a316a5a43522d345a75386e393554424f33396f4270374474466151454b505a67584232757a50664a2d4a483342376836554c67632d4134486d75513d3d, 0x674141414141426e325970333867576d507a636b4b6f666239745071576b5f6b5a34704e554163636454424b716e776875734a66584243777750335f6679337a4e6575796f507041345849645735356944566e543079486836763772315a637255513d3d, 0x674141414141426e32597033787a464e704a706c31575f4854704a594b757333586c33416b42645a4f3270507436454f733774554e4c303431436e44324e73344a46686e336b755f6a4d45744b495643694f70346d62316b6f48455a46334f4a314343775845545779736d6447385851666e63714e58343d, '$2b$12$sVSPF1n/2H2GBikehZyl0ey2YlNK740icDM06X6wETvRwGzXHx7Dm', 0, '/static/img/profiles/default.png', 1, NULL, '2025-03-18 15:00:07', '2025-03-18 15:00:07', NULL, NULL, NULL, NULL, NULL, NULL),
(87, 0x674141414141426e3259703335335a6553666a3942446c6d37646862686f3035464e78775072465a39726f3277537835574854763642665f2d3038615a65573866637473623654394c437a77746c4656336c6b3358747535475947457a4164616b773d3d, 'ef03380180b6aafbf1a0aa7cca627c93c0cc8e820f9c1d87d7fe1bd72e25fda2', 0x674141414141426e3259703367536748497a7236375247534a6e374b5942645042424c756a3866746631456d685a4f336e386871566e7078773746765f4c2d6f647a6778754c3363314e544c4f48627a555056346a754a517a6b6f447a6b5434384a73674d386e5657367365705674456c4859785552303d, 0x674141414141426e325970336f3137775574636e754e33326d3857326a70366b466c41416b6a3753766d36364b4e706439527166386a734b736c326a44614a6a3844364e585956434e443073494369765274624a32634d76494a5f557542446854413d3d, 0x674141414141426e3259703364494847575954725367326d686356346972526f58506d6d7770747a2d6c556c33515f675466745a544a577153426c4248723347457571446f47682d64516c69514f593161464d675266364b4f6862615274533778773d3d, 0x674141414141426e325970335f525a555046566f375f6c5358306371515355666e70576548446e6d355359745f6561514b68695279366e4551436c63634f4a6d59566b79706a655433307562597a4843626962766e74394c6345522d347473566b513d3d, '$2b$12$5GuaGs.P8WvG1WMi3hLJfuMjy.FLcEm7aMrkIhwExejOBLL.0QHhW', 0, '/static/img/profiles/default.png', 1, NULL, '2025-03-18 15:00:07', '2025-03-18 15:00:07', NULL, NULL, NULL, NULL, NULL, NULL),
(88, 0x674141414141426e32597147635348556144514267776e5373436d524e7854415846626c694930706243546350635968612d4f715366594b32437255597951304d4138543451415678545457664272654754434965705a65646157345462706479513d3d, '14774645d8a619f178ce7b64c5dfbd446d2255f0d95e3c1c1b8a4bb6403b1d3c', 0x674141414141426e3259714737456c4251664a4b32656d6f65745566415f5f6979654f4844664b6554496a4f64574945525457494b6566584c37654b31555f4d477545733456504d4b794e692d5469486d587542747a78755f506256546a325f36673d3d, 0x674141414141426e32597147514f6b7a4647526d624e554a4a756358414e41364175307a754267414f6a6a52344e392d6b4f534d6a42684d58563938327a6777495f314e6351474e334c465a72454c54434d684875357a4b415f4d484b6358677a773d3d, 0x674141414141426e32597147336e756279774e4a764b7a4d64787742587739694257764d796c3355554838574d4a33516b59385579687561795671794a735053327a47456568786b7548556856385a71773036304f524b596b44715267666f7546513d3d, 0x674141414141426e325971476f5f352d65574c417062304b705f76776c722d62536335486a7848536d756442676c73694e5f794d505961323245334749726e6474744434425f545068636b70324e53756a30485846756449745449544343563571413d3d, '$2b$12$cGDiyMkzYsTPomxZtohoveNGYvRtpKvWBlPm/ZZ7nD6.S2p0yMrxy', 0, '/static/img/profiles/default.png', 1, NULL, '2025-03-18 15:00:22', '2025-03-18 15:00:22', NULL, NULL, NULL, NULL, NULL, NULL),
(89, 0x674141414141426e32597147787a4c3076545350784a316843723839617435323269305f624e764f736a71416138305550577442534b674a4b6475396a386a6861764f5a71424870686954517774536739535437534f7046305832574763766473773d3d, 'fe0e415afe8d38e32abd705c71cb1ba2691c6363ab767082b534757ba5c5c960', 0x674141414141426e325971476849456845716b2d6f4f695a335876514a66383754664a6e6f3836324f3651456147747236507161334e6d41516c5341494c54357a6d575f77596c786b7056716f53664d617973617278347a53516242517271395259665962465465374854764e5f4e6d453641516d57303d, 0x674141414141426e32597147415963343035567749523652466e54594d775f6838515f704768346747754f50557a444a4f484e496f314d6f59756c6261345a72345a43494f57667663646f4636616b38444b6e45636e754d3655545536414e5361513d3d, 0x674141414141426e325971476567757a4f345434527251657032513258537038314d6533355770594975343241523045504967476c7a2d5a784136397149386d6c574f6b364b72576d48315f56466e774f706d334b6e355430454e4353614a5f30773d3d, 0x674141414141426e325971476663476759366f6d64625774574866627275714468735f766841465f666b71502d4f466d3262704970392d5074494d486d592d7643484878747769366f69655f664f5732354d5464556338615f6e6d596b67666c4a673d3d, '$2b$12$7FPnBfjyHKOTo0SGW44PfeM3dFb0W68UYyjwA53ze79fA/Jvt/z.m', 0, '/static/img/profiles/default.png', 1, NULL, '2025-03-18 15:00:23', '2025-03-18 15:00:23', NULL, NULL, NULL, NULL, NULL, NULL),
(90, 0x674141414141426e3259714869315f717a504c453263476b69625436564b724e384b75323336494444614337306a6841792d564368565774386368737743556f3072585a68355a375a77706f6b573658334451656b5838314b5261734376673256413d3d, '82f80e0c49781e5e6cf79d0808c4aa8c2f14f3704558843ff96733638bb2c122', 0x674141414141426e325971484b372d4b79354f4452723852427845697a314774733263695475664844705855524d475964366f4c304f75576e4d447674627642674948584c6a65522d547978625a48367a6b434e377873554d6f434e527970642d5f76466959485866414678474a57753054647461306f3d, 0x674141414141426e32597148727547487267715f762d584f444a76314a4f364c645a6e614d6a39426a525556465133736d3036652d343843337953393743786b3945326a71467778342d6f656f50776e465f6130683445713464484c6b704e7143413d3d, 0x674141414141426e325971484f52557374796b524c4a546e78424444427575704157796a76365371747a4b6b4d366953794b5033353571466f706b37676939574f38646c7a5035534778647450595f533775486673426b6841414c563946734b71673d3d, 0x674141414141426e325971487071393535674746535f4c6f6f46684e45357668427655594f62394e4930545a377a484d35393568314e6a664367726a6d734b387869344b3173643349536d70756468397a4e78775f4438385474714d35484b7765773d3d, '$2b$12$RAh829WpyPGA0byvnXxGcOnyiTALilu1JepHdsi8XZBUy44ssjnrK', 0, '/static/img/profiles/default.png', 1, NULL, '2025-03-18 15:00:23', '2025-03-18 15:00:23', NULL, NULL, NULL, NULL, NULL, NULL),
(91, 0x674141414141426e325971486e627173794a46437776684866434b517436776f42343338394e59576c5975574f5068374641714c4362576647434f46695976414971317161477352684c75516d62525a587a78794f5a76746f644b6c7739796146513d3d, 'f9e04a575c9f0f1429965f194cd1e497d5f99075f0ae6d9fce2b2e91921c440c', 0x674141414141426e32597148703266595f476c3444426c5f355a7a5f6271314a6e427a5667526a7a495a736773716a345254342d715930796769713432583436357744596b68546d43425852454f56554633696b7377764352662d50797945644646447671693547745338644b697546684d62307972553d, 0x674141414141426e3259714865435f375968456e7a684e35336463317a54485436476478764b3638686879374433726d3339797155506235784835444c475043316644316a6577795a73396b745a4846556a6d6c616b765878694c61437a675155773d3d, 0x674141414141426e32597148424357647572436c47783475757136354b357a586568557931534a71504859464137707872345f2d3347526c44306e65395f5a476b50313238596b66306b626e435435794c713635423557394c595270756154666c773d3d, 0x674141414141426e32597148414c792d54593138504753594d6c57327379426c78384745496c5f4867664d4266415f747547306633706b2d6d735a546a4f437a4f766e73794a32694e5463544763534c7a383267713237514c7654567152416252773d3d, '$2b$12$CX9t8bzYgXDzKaZQA0pcvOYM5mCSRq9TD.cqkj5HjoEYwVxj8BDyG', 0, '/static/img/profiles/default.png', 1, NULL, '2025-03-18 15:00:24', '2025-03-18 15:00:24', NULL, NULL, NULL, NULL, NULL, NULL),
(92, 0x674141414141426e32597149572d69666f715a676e705a7477776a50616576686c795a58436c64334a4a66703349576d613237416c4e55757a5066757135366b534d5f6667765a4449584136476967586968794f41376a73746b7573534350716b513d3d, '8e7688cce843ba37bc5b6e2e2e3111c5df31de3f8e48967e55981a07e5fb1905', 0x674141414141426e325971495841386833383433786e366a684a5a49544133326e2d6843794166346a50444255576f4839373930684b57645956657578317572425657336e3573643657673563436e56426358585f4e555f6e6541704f7561595a514d6c4b76462d2d484c6d71332d32556636675951773d, 0x674141414141426e32597149644c573047363550676978706b5773544d36755735344c5065676d366b5f506a32353437305150687a31364a3546446a6f415a5958684e616b4a78497a386b497765482d2d4a36684c5653484c794d686f71746e39513d3d, 0x674141414141426e32597149505079784d724657636c77434a693542335f38724b35636b7742365f535a5a46426373555f674270563835566a7878436649316271672d4b2d4b70422d746e3944336f677438614b327a63496253556a5930576462413d3d, 0x674141414141426e325971496e714a577958416d6c66324e4f46334a74423231706c42524f77634a50637767425a415f45734d58414b4450355535356e65422d7570325f45427a594a794a6d7569393948506b6c656d565a653549794e2d5a7262673d3d, '$2b$12$WTVxAix3mguq2JPKWl3yoekE9mgc9sHUVv9xmVTMiNFvNli6DfUmm', 0, '/static/img/profiles/default.png', 1, NULL, '2025-03-18 15:00:24', '2025-03-18 15:00:24', NULL, NULL, NULL, NULL, NULL, NULL),
(93, 0x674141414141426e325971494b37592d585537383466634d41794250465f76754348484c664865767a4d32695154736b5f4e75726d4c47437a6f6e59365f4b5661717978645961514b684e5256506d514946506364417046536c47665447636a41513d3d, '22ae9a23b6245a232a828c148bf771d6d77326a9b0dde7eab1c01e4282142909', 0x674141414141426e32597149504d484b776d5f6a52734e4a6c61584e7a53396a346d584c32484f4e775337466c4b6876394a63456875763432746c446755515f4e53674269694851744d675a31394f5f305f36746b6f3947653371666d67316a30673d3d, 0x674141414141426e325971497546384e697654724f354650506f5f376b33526b723967586a74574533584f485f675f5862536e4d30757a4c4b58476e53555945524142766a7563497162474238573653494d714957347033455071393761344f73773d3d, 0x674141414141426e3259714946377341306e2d39693336726743385747377762527a6c47696f6b765862372d634c58336f547368647a7179493236334e6369417a4b7531442d627851663652616277507431707a73365233364c63534a77487554673d3d, 0x674141414141426e3259714973576d35396e6349624d547732616a5f4f4d47735f6b413730717170326a65515f376e7031313755334a4f66485357433158616b6b467a566149367048437968676d48754941634b5046764d694c5a514a474c4234413d3d, '$2b$12$odeETg08KOaQggztY4inwe0JiECtqYBYylYcCDBTNAuxLy3oG3vhu', 0, '/static/img/profiles/default.png', 1, NULL, '2025-03-18 15:00:24', '2025-03-18 15:00:24', NULL, NULL, NULL, NULL, NULL, NULL),
(94, 0x674141414141426e3259714950415339495f78703742366c47376662676d386a33392d77514f306e52434d576a476b446149507548717448546f42777634524a534150706e434a55626d496d5f31484954624f7a476d727351684d4b57426c6365413d3d, '644291b0a9742fc3810321ad2d17d919c1ef432764518ea71d34a4383984c137', 0x674141414141426e325971497a6f726a68545256526b49486f69486f4871594d6f6744546e4a48686b55584e326f5a4a6d324630547a6b2d556f51714844774c51477656315f576441354854465067387044686d6e337a306c5f763630303469655061726a4844472d6e7232594b6d414d61657a4e37593d, 0x674141414141426e3259714959727472626c5f336537673272376a6a4a4f6e55585f456647493772683756736a4a51374e77316d5937744e487147386f6f6f37734c596a5544365269594a4d5177654d793838474e686a4d647554535341547659413d3d, 0x674141414141426e325971495336714b61377467306873714e56614f6e34582d46724f416b6a397a32693556415f6f634279507939536c52466e62415f734d3765456268792d73457846526139536f5665494b5f676f6a4d67584a31615f69317a413d3d, 0x674141414141426e325971495a70714c333942337573355045684d72566c507a685653513968484d7442596f794a397662484435446a517874704c6f3674495066665074687275534549555f3639523356774c4f4341786a336432646833735352336a62653947734e626c4166544948673179643937413d, '$2b$12$D7CzTj9alYh2XmXD5ZFbB.9V/FTVw6QoKOBIx1XZmAbi3zRHmitlO', 0, '/static/img/profiles/default.png', 1, NULL, '2025-03-18 15:00:25', '2025-03-18 15:00:25', NULL, NULL, NULL, NULL, NULL, NULL),
(95, 0x674141414141426e32597346676778434d414c30726279754a4c46485a74616c664a70644d6e4137754451655732554c71737a59744b46785f6135364d3946774357522d74687561665a6b32416b70654c58367a626a6d7249524e59714d5f6156673d3d, 'f969248d621bcded4a3582a1c3b17a71eedfefa9120c36ee3bd1957438cd55b9', 0x674141414141426e325973465454546c3737347737546f3958386336376e314d6d544d786d4b334c6d4a52556b44586e677662667a5f46304e6d6d764a7a7132684f5942795956357431704f6549436d48557573685150524d304b6b65307347464f4f526d64506a3965743732367a74374777667542593d, 0x674141414141426e3259734631315f5446635556713377644459526a4b737a544c346d6162622d6d5548392d75544e5f4456724750487848686d71573966466475795467487569586c466f6b423167694344396268566b354d53426c7532565033773d3d, 0x674141414141426e3259734641444f616b49674c4e73784e42524d6d78736448364e30484e576650416857486548724e596a4e33513875743664532d4131506b667a6f55433179507465704c514753372d4b744b5f366e397635467a5336345368673d3d, 0x674141414141426e32597346643746515f536c4b66633379554f4d6b544255465a7131504a454d546f32426e5845416753514f4969496d437a496e6565657870596e552d3537685f73335271372d38576f636c3030764858636e326a5077557535413d3d, '$2b$12$NwOhWbvGNT0wj/jUV3C9F.JMpVeTJnAXrIhnj.z28vEM4PaS9vj1a', 1, '/static/img/profiles/0903ef64cd224ec6a8f7a0714d055491.png', 1, NULL, '2025-03-18 15:02:29', '2025-03-24 12:56:10', NULL, NULL, NULL, NULL, NULL, NULL),
(97, 0x674141414141426e32717056336a7634666f494a6c3778726a6761314c552d41645454733257556f6b47774f763033537952544d583948416f6641316a75724758315856735630636a7a57427065744e63486a754750696c5a5a3768505f482d63413d3d, '88dbae6cd7a372b9abbe70fcb256f1baae42bf370eeadd533d266acaa763f349', 0x674141414141426e327170567a464e446950645047542d5f69775a5f534f484d2d6e704770796c5a444a656f4f646d646c7a38363956765f307741507761566c5963576a6d626c506a7674463878614e516d4878417343624c4859774841774652514156364e686459394666785762324e6a3477642d413d, 0x674141414141426e32717056766c6b68486c6e643041573544686563736f435f594d42794731315a4b465f49506e69457834675f72556b6a6c5a474a7363586d4b6c683370696253576f585a565170386c5939497563344a775935304355554f46513d3d, 0x674141414141426e327170564f5463663152384c7866564d4e38767658346e713270526247726b364c4e696c426b5466625643742d4164473070526d6d68564b46484f563175377a373766316e774a7056624c3958716375526f67656e4f506575773d3d, 0x674141414141426e3271705666665a32766e354e77527677584f70535051636137364332304d6a464656587a4b474b656257347867754948677565363030437342633854784b4643346f4142425f544d6a78614b4c73382d3439584a6554657945516c516b4864786667556e44694a4437484b425755493d, '$2b$12$EXvE1S58eG5PnfGjNDmOQ.iHCUIksQqvqHmw6oRrSa/rCJKHxYGUC', 0, '/static/img/profiles/default.png', 1, NULL, '2025-03-19 11:28:21', '2025-03-19 11:28:21', NULL, NULL, NULL, NULL, NULL, NULL),
(98, 0x674141414141426e327171555173784c4379785257736b62784843636f66324d4f68517955776242796772306c35586469663337574d47597079636e43325a75737364597563754d532d416a4f7833616561397079766667426d46386a2d4f7875673d3d, '93df6af9d208c140a88b3924a55fb9447b21b77d3ce0be97cc21f8182ef713a3', 0x674141414141426e327171554138316d555442645f78324e507137684b476a473949586c4138555a5175636f3339426a457557354b6b59674335723141626c686e7a5a5731373330574639694a6852314177725a39794a396643414d726847423757363575366d79356b6c426b3232574e48467a4d69673d, 0x674141414141426e32717155595f32354e6f446158332d6d414b496b32786f75494c4e7932523669304e6248467a36752d677950446b7a38525376693153695f375a475f4f53556c7935322d3472356b336475556b694843757148396141374870413d3d, 0x674141414141426e327171556663656656657a34662d3945554c734f414f636b5f7376727934317176377939334d3237475a636f6334485177395f4a6f4267426665312d304b64634576447046746a4634566e7643533143346d5f357a5152325f513d3d, 0x674141414141426e327171554e5a4244506e7a54614a624e75366245326c2d546e6b6c2d694672314b7451515865306b794f62306b64734e3854655a744532444c5f30785f6d416c6c7a426f6c456150743033797a4f395a695a656f6754447277413d3d, '$2b$12$tvCzlXM4Du8NO.miL4CPouM2alkLu39wWBgavwgV/6Te1O5w0VXbC', 0, '/static/img/profiles/default.png', 1, NULL, '2025-03-19 11:29:24', '2025-03-19 11:29:24', NULL, NULL, NULL, NULL, NULL, NULL),
(99, 0x674141414141426e32717267755a747936354858576b394b4e3247614549764c4a4f314c4c3068477942495833324f4d626a7551756c674f33467864514c395077694932724f37427341396a774a4d5777743850455f456d6f62494e656f304335513d3d, '180f0ecc57366b89395c206475487750f9732f2a9f2026635ca1060036f818c4', 0x674141414141426e32717267585243466263715a4777656952446b4956566671346d454a633750754e384166435f6d6941586a473069376a7a5a5270347a455a773070645671745a5661524e37624245646f7759746a5768304443535a394363616a4c3946673269306f61747374336d63526f74596f493d, 0x674141414141426e3271726765734a3974464b454844725067302d4e3731556136564a6b437a687132526843747a6f67416553544e496b715a786c72557452417a574a6f7756647846597848704b5055597a4a4c697676763965536d534e46304d513d3d, 0x674141414141426e3271726757625a674a3757376a7748356c7a45703862696b446932486f2d762d4c4153556a3859344f7261684d6e35496c4c5069736d596859416d526a484757704d773535766a4e4d7033785252554d7461336d4835797354413d3d, 0x674141414141426e32717267544539446359784e6139763950495a4435733832525069484b416d7539494e656d466c65494f47364c6149616c69306d3830484377665a584668356f35774f52486f4f364a4d6e524b4b7578472d2d4b756f5271664830684b796d73546351666c5f546c64795669794f383d, '$2b$12$otCymp3FmmZak8m6YcRL9uh8qCz6rZto0EknM0ThSTwd8I3HOJs6u', 0, '/static/img/profiles/default.png', 1, NULL, '2025-03-19 11:30:40', '2025-03-19 11:30:40', NULL, NULL, NULL, NULL, NULL, NULL),
(101, 0x674141414141426e32717a395768585239485a747a4932766959675a48327062645747726b7839564e33597959415276636a463471393174396e667637304f4271626872734752524b3474634e74782d6256623476775436436346477330505331773d3d, '6a61c100e6b30b99f1e50cf95736d0f25042e0e1e1520daa4c0521ca5a26c0b3', 0x674141414141426e32717a394c3737345f5a657869346635764d774b394e565355422d31786138362d6f6664495345384e424a31772d43466c756267324d7a7764394146426a4b4d55596d66504166374166685a493758734a3837634763596f354432784157374651536c647351664d493973646153383d, 0x674141414141426e32717a393470345f575458627049496c6c4f2d707971336b4a5f777845744d4b704441584a68465972474a5a5845313936747077676f6b2d3163372d4473426d4e6a46536457666b5539767a4f713779727465684d445f6e48673d3d, 0x674141414141426e32717a394e39456b302d42764e5730543568764d4c67484b77536167596b6856736a6b6b3552645652714e42524d576c5a71437331386c3374456a39702d31547a4f6773744652676c64315a72365844597a444a7a5131416e673d3d, 0x674141414141426e32717a396d3259304e6b716144777945774b4b656561542d4d685a4c515950537939565878384b6d37786d5964332d51616b2d5a66483673642d4b6d54467951347249546d7768735243755436716637326d3879334a705a66673d3d, '$2b$12$IDoS759b3VyVPKh8fAZXheX2UgNNLm2aY1gKt0ACwoZGlIgMKWDJi', 1, '/static/img/profiles/fdfc1fca13a6495e8aa7ac79c27b8909.png', 1, NULL, '2025-03-19 11:39:41', '2025-03-28 10:33:29', NULL, NULL, NULL, NULL, NULL, NULL),
(102, 0x674141414141426e335a583942556833624a6b354a796a44364562393171615561386f64446937555a326c6e5076354c774773466274734f783178595565735832694159715842574a57593049526332496c737a3473467a766c773168674b3079673d3d, '59c29a02c7477e608d076c5cf3f63662a527599627430c261275869458cbc5d8', 0x674141414141426e335a583947577a75555135564c313436363649375f4b74634c4d7670524255466e52473538414946794769327a713148536d777549416c4c726855635154425849335a3533775566584e70387a2d657a766f7070317775524e6e513050515a79337238725075616c473275543879343d, 0x674141414141426e335a58394e4e5858645a42346446417966475632755232376a51363442376e5266447846766453714d7363675942623272676a504c3171354b4d4c5a5f5761555866495a5a436b62447436377a6f4a425a56364a315443596c413d3d, 0x674141414141426e335a583942496a4342566a466c5344496b686b706477786a4372563636554b756c67766d30735a516a63426e487044364443502d70413370724d343535646a44326133525f7078675a35535a3055584a4f6d69715f342d4a36513d3d, 0x674141414141426e335a583966637a587336365946375a79374c334a5236787275736c4832587838315077394b724e7539374f364c534a334e624c794d536a4348472d6231414a6f5f7244586f594f77786964444f694f334a74445373646558702d3661564d426343534d34434a67794a725a303832673d, '$2b$12$WejnPmnfa2TR79yrqaQG5OoG37H1rQxSaPIn10I7UUOWy4nqo..qK', 0, '/static/img/profiles/default.png', 1, NULL, '2025-03-21 16:38:21', '2025-03-21 16:38:21', NULL, NULL, NULL, NULL, NULL, NULL);

-- --------------------------------------------------------

--
-- Estructura de tabla para la tabla `user_company_role`
--

CREATE TABLE `user_company_role` (
  `id` int NOT NULL,
  `user_id` int NOT NULL,
  `company_id` int NOT NULL,
  `role_id` int NOT NULL,
  `assigned_at` datetime NOT NULL,
  `valid_from` datetime NOT NULL,
  `valid_until` datetime DEFAULT NULL,
  `assigned_by` int DEFAULT NULL,
  `schedule_id` int DEFAULT NULL,
  `location_id` int DEFAULT NULL,
  `position` varchar(100) DEFAULT NULL,
  `supervisor_id` int DEFAULT NULL,
  `start_date` date DEFAULT NULL,
  `end_date` date DEFAULT NULL,
  `work_time` time NOT NULL,
  `break_time` time NOT NULL,
  `clock_in_status` enum('ACTIVE','IDLE','PAUSE') NOT NULL
) ENGINE=InnoDB DEFAULT CHARSET=utf8mb4 COLLATE=utf8mb4_0900_ai_ci;

--
-- Volcado de datos para la tabla `user_company_role`
--

INSERT INTO `user_company_role` (`id`, `user_id`, `company_id`, `role_id`, `assigned_at`, `valid_from`, `valid_until`, `assigned_by`, `schedule_id`, `location_id`, `position`, `supervisor_id`, `start_date`, `end_date`, `work_time`, `break_time`, `clock_in_status`) VALUES
(1, 1, 8, 2, '2025-03-28 12:38:20', '2025-03-28 12:38:20', NULL, NULL, NULL, NULL, NULL, NULL, NULL, NULL, '08:00:00', '00:30:00', 'IDLE'),
(2, 2, 8, 2, '2025-03-28 12:38:20', '2025-03-28 12:38:20', NULL, NULL, NULL, NULL, NULL, NULL, NULL, NULL, '08:00:00', '00:30:00', 'IDLE'),
(3, 3, 8, 2, '2025-03-28 12:38:20', '2025-03-28 12:38:20', NULL, NULL, NULL, NULL, NULL, NULL, NULL, NULL, '08:00:00', '00:30:00', 'IDLE'),
(4, 4, 8, 2, '2025-03-28 12:38:20', '2025-03-28 12:38:20', NULL, NULL, NULL, NULL, NULL, NULL, NULL, NULL, '08:00:00', '00:30:00', 'IDLE'),
(5, 5, 8, 2, '2025-03-28 12:38:20', '2025-03-28 12:38:20', NULL, NULL, NULL, NULL, NULL, NULL, NULL, NULL, '08:00:00', '00:30:00', 'IDLE'),
(6, 6, 8, 2, '2025-03-28 12:38:20', '2025-03-28 12:38:20', NULL, NULL, NULL, NULL, NULL, NULL, NULL, NULL, '08:00:00', '00:30:00', 'IDLE'),
(7, 7, 8, 2, '2025-03-28 12:38:20', '2025-03-28 12:38:20', NULL, NULL, NULL, NULL, NULL, NULL, NULL, NULL, '08:00:00', '00:30:00', 'IDLE'),
(8, 8, 8, 2, '2025-03-28 12:38:20', '2025-03-28 12:38:20', NULL, NULL, NULL, NULL, NULL, NULL, NULL, NULL, '08:00:00', '00:30:00', 'IDLE'),
(9, 9, 8, 2, '2025-03-28 12:38:20', '2025-03-28 12:38:20', NULL, NULL, NULL, NULL, NULL, NULL, NULL, NULL, '08:00:00', '00:30:00', 'IDLE'),
(10, 10, 8, 2, '2025-03-28 12:38:20', '2025-03-28 12:38:20', NULL, NULL, NULL, NULL, NULL, NULL, NULL, NULL, '08:00:00', '00:30:00', 'IDLE'),
(11, 11, 8, 2, '2025-03-28 12:38:20', '2025-03-28 12:38:20', NULL, NULL, NULL, NULL, NULL, NULL, NULL, NULL, '08:00:00', '00:30:00', 'IDLE'),
(12, 12, 8, 2, '2025-03-28 12:38:20', '2025-03-28 12:38:20', NULL, NULL, NULL, NULL, NULL, NULL, NULL, NULL, '08:00:00', '00:30:00', 'IDLE'),
(13, 13, 8, 2, '2025-03-28 12:38:20', '2025-03-28 12:38:20', NULL, NULL, NULL, NULL, NULL, NULL, NULL, NULL, '08:00:00', '00:30:00', 'IDLE'),
(14, 14, 8, 2, '2025-03-28 12:38:20', '2025-03-28 12:38:20', NULL, NULL, NULL, NULL, NULL, NULL, NULL, NULL, '08:00:00', '00:30:00', 'IDLE'),
(15, 15, 8, 2, '2025-03-28 12:38:20', '2025-03-28 12:38:20', NULL, NULL, NULL, NULL, NULL, NULL, NULL, NULL, '08:00:00', '00:30:00', 'IDLE'),
(16, 16, 8, 2, '2025-03-28 12:38:20', '2025-03-28 12:38:20', NULL, NULL, NULL, NULL, NULL, NULL, NULL, NULL, '08:00:00', '00:30:00', 'IDLE'),
(17, 17, 8, 2, '2025-03-28 12:38:20', '2025-03-28 12:38:20', NULL, NULL, NULL, NULL, NULL, NULL, NULL, NULL, '08:00:00', '00:30:00', 'IDLE'),
(18, 18, 8, 2, '2025-03-28 12:38:20', '2025-03-28 12:38:20', NULL, NULL, NULL, NULL, NULL, NULL, NULL, NULL, '08:00:00', '00:30:00', 'IDLE'),
(19, 19, 8, 2, '2025-03-28 12:38:20', '2025-03-28 12:38:20', NULL, NULL, NULL, NULL, NULL, NULL, NULL, NULL, '08:00:00', '00:30:00', 'IDLE'),
(20, 20, 8, 2, '2025-03-28 12:38:20', '2025-03-28 12:38:20', NULL, NULL, NULL, NULL, NULL, NULL, NULL, NULL, '08:00:00', '00:30:00', 'IDLE'),
(21, 21, 8, 2, '2025-03-28 12:38:20', '2025-03-28 12:38:20', NULL, NULL, NULL, NULL, NULL, NULL, NULL, NULL, '08:00:00', '00:30:00', 'IDLE'),
(22, 22, 8, 2, '2025-03-28 12:38:20', '2025-03-28 12:38:20', NULL, NULL, NULL, NULL, NULL, NULL, NULL, NULL, '08:00:00', '00:30:00', 'IDLE'),
(23, 23, 8, 2, '2025-03-28 12:38:20', '2025-03-28 12:38:20', NULL, NULL, NULL, NULL, NULL, NULL, NULL, NULL, '08:00:00', '00:30:00', 'IDLE'),
(24, 24, 8, 2, '2025-03-28 12:38:20', '2025-03-28 12:38:20', NULL, NULL, NULL, NULL, NULL, NULL, NULL, NULL, '08:00:00', '00:30:00', 'IDLE'),
(25, 25, 8, 2, '2025-03-28 12:38:20', '2025-03-28 12:38:20', NULL, NULL, NULL, NULL, NULL, NULL, NULL, NULL, '08:00:00', '00:30:00', 'IDLE'),
(26, 26, 8, 2, '2025-03-28 12:38:20', '2025-03-28 12:38:20', NULL, NULL, NULL, NULL, NULL, NULL, NULL, NULL, '08:00:00', '00:30:00', 'IDLE'),
(27, 27, 8, 2, '2025-03-28 12:38:20', '2025-03-28 12:38:20', NULL, NULL, NULL, NULL, NULL, NULL, NULL, NULL, '08:00:00', '00:30:00', 'IDLE'),
(28, 28, 8, 2, '2025-03-28 12:38:20', '2025-03-28 12:38:20', NULL, NULL, NULL, NULL, NULL, NULL, NULL, NULL, '08:00:00', '00:30:00', 'IDLE'),
(29, 29, 8, 2, '2025-03-28 12:38:20', '2025-03-28 12:38:20', NULL, NULL, NULL, NULL, NULL, NULL, NULL, NULL, '08:00:00', '00:30:00', 'IDLE'),
(30, 30, 8, 2, '2025-03-28 12:38:20', '2025-03-28 12:38:20', NULL, NULL, NULL, NULL, NULL, NULL, NULL, NULL, '08:00:00', '00:30:00', 'IDLE'),
(31, 31, 8, 2, '2025-03-28 12:38:20', '2025-03-28 12:38:20', NULL, NULL, NULL, NULL, NULL, NULL, NULL, NULL, '08:00:00', '00:30:00', 'IDLE'),
(32, 32, 8, 2, '2025-03-28 12:38:20', '2025-03-28 12:38:20', NULL, NULL, NULL, NULL, NULL, NULL, NULL, NULL, '08:00:00', '00:30:00', 'IDLE'),
(33, 33, 8, 2, '2025-03-28 12:38:20', '2025-03-28 12:38:20', NULL, NULL, NULL, NULL, NULL, NULL, NULL, NULL, '08:00:00', '00:30:00', 'IDLE'),
(34, 34, 8, 2, '2025-03-28 12:38:20', '2025-03-28 12:38:20', NULL, NULL, NULL, NULL, NULL, NULL, NULL, NULL, '08:00:00', '00:30:00', 'IDLE'),
(35, 35, 8, 2, '2025-03-28 12:38:20', '2025-03-28 12:38:20', NULL, NULL, NULL, NULL, NULL, NULL, NULL, NULL, '08:00:00', '00:30:00', 'IDLE'),
(36, 36, 8, 2, '2025-03-28 12:38:20', '2025-03-28 12:38:20', NULL, NULL, NULL, NULL, NULL, NULL, NULL, NULL, '08:00:00', '00:30:00', 'IDLE'),
(37, 37, 8, 2, '2025-03-28 12:38:20', '2025-03-28 12:38:20', NULL, NULL, NULL, NULL, NULL, NULL, NULL, NULL, '08:00:00', '00:30:00', 'IDLE'),
(38, 38, 8, 2, '2025-03-28 12:38:20', '2025-03-28 12:38:20', NULL, NULL, NULL, NULL, NULL, NULL, NULL, NULL, '08:00:00', '00:30:00', 'IDLE'),
(39, 39, 8, 2, '2025-03-28 12:38:20', '2025-03-28 12:38:20', NULL, NULL, NULL, NULL, NULL, NULL, NULL, NULL, '08:00:00', '00:30:00', 'IDLE'),
(40, 40, 8, 2, '2025-03-28 12:38:20', '2025-03-28 12:38:20', NULL, NULL, NULL, NULL, NULL, NULL, NULL, NULL, '08:00:00', '00:30:00', 'IDLE'),
(41, 41, 8, 2, '2025-03-28 12:38:20', '2025-03-28 12:38:20', NULL, NULL, NULL, NULL, NULL, NULL, NULL, NULL, '08:00:00', '00:30:00', 'IDLE'),
(42, 42, 8, 2, '2025-03-28 12:38:20', '2025-03-28 12:38:20', NULL, NULL, NULL, NULL, NULL, NULL, NULL, NULL, '08:00:00', '00:30:00', 'ACTIVE'),
(43, 43, 8, 2, '2025-03-28 12:38:20', '2025-03-28 12:38:20', NULL, NULL, NULL, NULL, NULL, NULL, NULL, NULL, '08:00:00', '00:30:00', 'IDLE'),
(44, 44, 8, 2, '2025-03-28 12:38:20', '2025-03-28 12:38:20', NULL, NULL, NULL, NULL, NULL, NULL, NULL, NULL, '08:00:00', '00:30:00', 'IDLE'),
(45, 45, 8, 2, '2025-03-28 12:38:20', '2025-03-28 12:38:20', NULL, NULL, NULL, NULL, NULL, NULL, NULL, NULL, '08:00:00', '00:30:00', 'IDLE'),
(46, 46, 8, 2, '2025-03-28 12:38:20', '2025-03-28 12:38:20', NULL, NULL, NULL, NULL, NULL, NULL, NULL, NULL, '08:00:00', '00:30:00', 'IDLE'),
(47, 47, 8, 2, '2025-03-28 12:38:20', '2025-03-28 12:38:20', NULL, NULL, NULL, NULL, NULL, NULL, NULL, NULL, '08:00:00', '00:30:00', 'IDLE'),
(48, 48, 8, 2, '2025-03-28 12:38:20', '2025-03-28 12:38:20', NULL, NULL, NULL, NULL, NULL, NULL, NULL, NULL, '08:00:00', '00:30:00', 'IDLE'),
(49, 49, 8, 2, '2025-03-28 12:38:20', '2025-03-28 12:38:20', NULL, NULL, NULL, NULL, NULL, NULL, NULL, NULL, '08:00:00', '00:30:00', 'IDLE'),
(50, 50, 8, 2, '2025-03-28 12:38:20', '2025-03-28 12:38:20', NULL, NULL, NULL, NULL, NULL, NULL, NULL, NULL, '08:00:00', '00:30:00', 'IDLE'),
(51, 51, 8, 2, '2025-03-28 12:38:20', '2025-03-28 12:38:20', NULL, NULL, NULL, NULL, NULL, NULL, NULL, NULL, '08:00:00', '00:30:00', 'IDLE'),
(52, 52, 8, 2, '2025-03-28 12:38:20', '2025-03-28 12:38:20', NULL, NULL, NULL, NULL, NULL, NULL, NULL, NULL, '08:00:00', '00:30:00', 'IDLE'),
(53, 53, 8, 2, '2025-03-28 12:38:20', '2025-03-28 12:38:20', NULL, NULL, NULL, NULL, NULL, NULL, NULL, NULL, '08:00:00', '00:30:00', 'IDLE'),
(54, 54, 8, 2, '2025-03-28 12:38:20', '2025-03-28 12:38:20', NULL, NULL, NULL, NULL, NULL, NULL, NULL, NULL, '08:00:00', '00:30:00', 'IDLE'),
(55, 55, 8, 2, '2025-03-28 12:38:20', '2025-03-28 12:38:20', NULL, NULL, NULL, NULL, NULL, NULL, NULL, NULL, '08:00:00', '00:30:00', 'IDLE'),
(56, 56, 8, 2, '2025-03-28 12:38:20', '2025-03-28 12:38:20', NULL, NULL, NULL, NULL, NULL, NULL, NULL, NULL, '08:00:00', '00:30:00', 'IDLE'),
(57, 57, 8, 2, '2025-03-28 12:38:20', '2025-03-28 12:38:20', NULL, NULL, NULL, NULL, NULL, NULL, NULL, NULL, '08:00:00', '00:30:00', 'IDLE'),
(58, 58, 8, 2, '2025-03-28 12:38:20', '2025-03-28 12:38:20', NULL, NULL, NULL, NULL, NULL, NULL, NULL, NULL, '08:00:00', '00:30:00', 'IDLE'),
(59, 59, 8, 2, '2025-03-28 12:38:20', '2025-03-28 12:38:20', NULL, NULL, NULL, NULL, NULL, NULL, NULL, NULL, '08:00:00', '00:30:00', 'IDLE'),
(60, 60, 8, 2, '2025-03-28 12:38:20', '2025-03-28 12:38:20', NULL, NULL, NULL, NULL, NULL, NULL, NULL, NULL, '08:00:00', '00:30:00', 'IDLE'),
(61, 61, 8, 2, '2025-03-28 12:38:20', '2025-03-28 12:38:20', NULL, NULL, NULL, NULL, NULL, NULL, NULL, NULL, '08:00:00', '00:30:00', 'IDLE'),
(62, 62, 8, 2, '2025-03-28 12:38:20', '2025-03-28 12:38:20', NULL, NULL, NULL, NULL, NULL, NULL, NULL, NULL, '08:00:00', '00:30:00', 'IDLE'),
(63, 63, 8, 2, '2025-03-28 12:38:20', '2025-03-28 12:38:20', NULL, NULL, NULL, NULL, NULL, NULL, NULL, NULL, '08:00:00', '00:30:00', 'IDLE'),
(64, 64, 8, 2, '2025-03-28 12:38:20', '2025-03-28 12:38:20', NULL, NULL, NULL, NULL, NULL, NULL, NULL, NULL, '08:00:00', '00:30:00', 'IDLE'),
(65, 65, 8, 2, '2025-03-28 12:38:20', '2025-03-28 12:38:20', NULL, NULL, NULL, NULL, NULL, NULL, NULL, NULL, '08:00:00', '00:30:00', 'IDLE'),
(66, 66, 8, 2, '2025-03-28 12:38:20', '2025-03-28 12:38:20', NULL, NULL, NULL, NULL, NULL, NULL, NULL, NULL, '08:00:00', '00:30:00', 'IDLE'),
(67, 67, 8, 2, '2025-03-28 12:38:20', '2025-03-28 12:38:20', NULL, NULL, NULL, NULL, NULL, NULL, NULL, NULL, '08:00:00', '00:30:00', 'IDLE'),
(68, 68, 8, 2, '2025-03-28 12:38:20', '2025-03-28 12:38:20', NULL, NULL, NULL, NULL, NULL, NULL, NULL, NULL, '08:00:00', '00:30:00', 'IDLE'),
(69, 69, 2, 1, '2025-03-28 12:38:20', '2025-03-28 12:38:20', NULL, NULL, NULL, NULL, NULL, NULL, NULL, NULL, '00:00:00', '00:00:00', 'IDLE'),
(70, 69, 4, 1, '2025-03-28 12:38:20', '2025-03-28 12:38:20', NULL, NULL, NULL, NULL, NULL, NULL, NULL, NULL, '00:00:00', '00:00:00', 'IDLE'),
(71, 69, 5, 1, '2025-03-28 12:38:20', '2025-03-28 12:38:20', NULL, NULL, NULL, NULL, NULL, NULL, NULL, NULL, '00:00:00', '00:00:00', 'IDLE'),
(72, 69, 6, 1, '2025-03-28 12:38:20', '2025-03-28 12:38:20', NULL, NULL, NULL, NULL, NULL, NULL, NULL, NULL, '00:00:00', '00:00:00', 'IDLE'),
(73, 69, 8, 1, '2025-03-28 12:38:20', '2025-03-28 12:38:20', NULL, NULL, NULL, NULL, NULL, NULL, NULL, NULL, '08:00:00', '00:30:00', 'IDLE'),
(74, 70, 6, 2, '2025-03-28 12:38:20', '2025-03-28 12:38:20', NULL, NULL, NULL, NULL, NULL, NULL, NULL, NULL, '08:00:00', '00:30:00', 'IDLE'),
(75, 71, 4, 2, '2025-03-28 12:38:20', '2025-03-28 12:38:20', NULL, NULL, NULL, NULL, NULL, NULL, NULL, NULL, '08:00:00', '00:30:00', 'IDLE'),
(76, 72, 4, 2, '2025-03-28 12:38:20', '2025-03-28 12:38:20', NULL, NULL, NULL, NULL, NULL, NULL, NULL, NULL, '08:00:00', '00:30:00', 'IDLE'),
(77, 73, 4, 2, '2025-03-28 12:38:20', '2025-03-28 12:38:20', NULL, NULL, NULL, NULL, NULL, NULL, NULL, NULL, '08:00:00', '00:30:00', 'IDLE'),
(78, 74, 4, 2, '2025-03-28 12:38:20', '2025-03-28 12:38:20', NULL, NULL, NULL, NULL, NULL, NULL, NULL, NULL, '08:00:00', '00:30:00', 'IDLE'),
(79, 75, 4, 2, '2025-03-28 12:38:20', '2025-03-28 12:38:20', NULL, NULL, NULL, NULL, NULL, NULL, NULL, NULL, '08:00:00', '00:30:00', 'IDLE'),
(80, 76, 4, 2, '2025-03-28 12:38:20', '2025-03-28 12:38:20', NULL, NULL, NULL, NULL, NULL, NULL, NULL, NULL, '08:00:00', '00:30:00', 'IDLE'),
(81, 77, 4, 2, '2025-03-28 12:38:20', '2025-03-28 12:38:20', NULL, NULL, NULL, NULL, NULL, NULL, NULL, NULL, '08:00:00', '00:30:00', 'IDLE'),
(82, 78, 4, 2, '2025-03-28 12:38:20', '2025-03-28 12:38:20', NULL, NULL, NULL, NULL, NULL, NULL, NULL, NULL, '08:00:00', '00:30:00', 'IDLE'),
(83, 79, 4, 2, '2025-03-28 12:38:20', '2025-03-28 12:38:20', NULL, NULL, NULL, NULL, NULL, NULL, NULL, NULL, '08:00:00', '00:30:00', 'IDLE'),
(84, 80, 4, 2, '2025-03-28 12:38:20', '2025-03-28 12:38:20', NULL, NULL, NULL, NULL, NULL, NULL, NULL, NULL, '08:00:00', '00:30:00', 'IDLE'),
(85, 81, 4, 2, '2025-03-28 12:38:20', '2025-03-28 12:38:20', NULL, NULL, NULL, NULL, NULL, NULL, NULL, NULL, '08:00:00', '00:30:00', 'IDLE'),
(86, 82, 4, 2, '2025-03-28 12:38:20', '2025-03-28 12:38:20', NULL, NULL, NULL, NULL, NULL, NULL, NULL, NULL, '08:00:00', '00:30:00', 'IDLE'),
(87, 83, 4, 2, '2025-03-28 12:38:20', '2025-03-28 12:38:20', NULL, NULL, NULL, NULL, NULL, NULL, NULL, NULL, '08:00:00', '00:30:00', 'IDLE'),
(88, 84, 4, 2, '2025-03-28 12:38:20', '2025-03-28 12:38:20', NULL, NULL, NULL, NULL, NULL, NULL, NULL, NULL, '08:00:00', '00:30:00', 'IDLE'),
(89, 85, 4, 2, '2025-03-28 12:38:20', '2025-03-28 12:38:20', NULL, NULL, NULL, NULL, NULL, NULL, NULL, NULL, '08:00:00', '00:30:00', 'IDLE'),
(90, 86, 4, 2, '2025-03-28 12:38:20', '2025-03-28 12:38:20', NULL, NULL, NULL, NULL, NULL, NULL, NULL, NULL, '08:00:00', '00:30:00', 'IDLE'),
(91, 87, 4, 2, '2025-03-28 12:38:20', '2025-03-28 12:38:20', NULL, NULL, NULL, NULL, NULL, NULL, NULL, NULL, '08:00:00', '00:30:00', 'IDLE'),
(92, 88, 5, 2, '2025-03-28 12:38:20', '2025-03-28 12:38:20', NULL, NULL, NULL, NULL, NULL, NULL, NULL, NULL, '08:00:00', '00:30:00', 'IDLE'),
(93, 89, 5, 2, '2025-03-28 12:38:20', '2025-03-28 12:38:20', NULL, NULL, NULL, NULL, NULL, NULL, NULL, NULL, '08:00:00', '00:30:00', 'IDLE'),
(94, 90, 5, 2, '2025-03-28 12:38:20', '2025-03-28 12:38:20', NULL, NULL, NULL, NULL, NULL, NULL, NULL, NULL, '08:00:00', '00:30:00', 'IDLE'),
(95, 91, 5, 2, '2025-03-28 12:38:20', '2025-03-28 12:38:20', NULL, NULL, NULL, NULL, NULL, NULL, NULL, NULL, '08:00:00', '00:30:00', 'IDLE'),
(96, 92, 5, 2, '2025-03-28 12:38:20', '2025-03-28 12:38:20', NULL, NULL, NULL, NULL, NULL, NULL, NULL, NULL, '08:00:00', '00:30:00', 'IDLE'),
(97, 93, 5, 2, '2025-03-28 12:38:20', '2025-03-28 12:38:20', NULL, NULL, NULL, NULL, NULL, NULL, NULL, NULL, '08:00:00', '00:30:00', 'IDLE'),
(98, 94, 5, 2, '2025-03-28 12:38:20', '2025-03-28 12:38:20', NULL, NULL, NULL, NULL, NULL, NULL, NULL, NULL, '08:00:00', '00:30:00', 'IDLE'),
(99, 95, 1, 1, '2025-03-28 12:38:20', '2025-03-28 12:38:20', NULL, NULL, NULL, NULL, NULL, NULL, NULL, NULL, '08:00:00', '00:15:00', 'IDLE'),
(100, 97, 1, 1, '2025-03-28 12:38:20', '2025-03-28 12:38:20', NULL, NULL, NULL, NULL, NULL, NULL, NULL, NULL, '00:00:00', '00:00:00', 'IDLE'),
(101, 97, 2, 1, '2025-03-28 12:38:20', '2025-03-28 12:38:20', NULL, NULL, NULL, NULL, NULL, NULL, NULL, NULL, '00:00:00', '00:00:00', 'IDLE'),
(102, 97, 4, 1, '2025-03-28 12:38:20', '2025-03-28 12:38:20', NULL, NULL, NULL, NULL, NULL, NULL, NULL, NULL, '00:00:00', '00:00:00', 'IDLE'),
(103, 97, 5, 1, '2025-03-28 12:38:20', '2025-03-28 12:38:20', NULL, NULL, NULL, NULL, NULL, NULL, NULL, NULL, '00:00:00', '00:00:00', 'IDLE'),
(104, 97, 6, 1, '2025-03-28 12:38:20', '2025-03-28 12:38:20', NULL, NULL, NULL, NULL, NULL, NULL, NULL, NULL, '00:00:00', '00:00:00', 'IDLE'),
(105, 97, 8, 1, '2025-03-28 12:38:20', '2025-03-28 12:38:20', NULL, NULL, NULL, NULL, NULL, NULL, NULL, NULL, '00:00:00', '00:00:00', 'IDLE'),
(115, 95, 11, 4, '2025-04-02 14:03:07', '2025-04-02 14:03:07', NULL, NULL, NULL, NULL, NULL, NULL, NULL, NULL, '08:00:00', '00:30:00', 'IDLE'),
(116, 97, 11, 4, '2025-04-02 14:03:07', '2025-04-02 14:03:07', NULL, NULL, NULL, NULL, NULL, NULL, NULL, NULL, '08:00:00', '00:30:00', 'IDLE'),
(117, 98, 11, 4, '2025-04-02 14:03:07', '2025-04-02 14:03:07', NULL, NULL, NULL, NULL, NULL, NULL, NULL, NULL, '08:00:00', '00:30:00', 'IDLE'),
(118, 99, 11, 4, '2025-04-02 14:03:07', '2025-04-02 14:03:07', NULL, NULL, NULL, NULL, NULL, NULL, NULL, NULL, '08:00:00', '00:30:00', 'IDLE'),
(120, 102, 11, 4, '2025-04-02 14:03:07', '2025-04-02 14:03:07', NULL, NULL, NULL, NULL, NULL, NULL, NULL, NULL, '08:00:00', '00:30:00', 'IDLE'),
(121, 101, 1, 2, '2025-04-02 15:24:55', '2025-04-02 15:24:55', NULL, NULL, NULL, NULL, NULL, NULL, NULL, NULL, '00:00:00', '00:00:00', 'IDLE'),
(122, 101, 10, 3, '2025-04-04 11:59:35', '2025-04-04 11:59:35', NULL, NULL, NULL, NULL, NULL, NULL, NULL, NULL, '08:00:00', '00:30:00', 'IDLE');

-- --------------------------------------------------------

--
-- Estructura de tabla para la tabla `user_department_rel`
--

CREATE TABLE `user_department_rel` (
  `user_id` int NOT NULL,
  `department_id` int NOT NULL,
  `created_at` datetime NOT NULL
) ENGINE=InnoDB DEFAULT CHARSET=utf8mb4 COLLATE=utf8mb4_0900_ai_ci;

--
-- Volcado de datos para la tabla `user_department_rel`
--

INSERT INTO `user_department_rel` (`user_id`, `department_id`, `created_at`) VALUES
(95, 1, '2025-03-26 13:03:00'),
(99, 1, '2025-03-26 13:03:14'),
(101, 1, '2025-03-26 13:03:06');

-- --------------------------------------------------------

--
-- Estructura de tabla para la tabla `user_location_rel`
--

CREATE TABLE `user_location_rel` (
  `user_id` int NOT NULL,
  `location_id` int NOT NULL,
  `is_primary` tinyint(1) NOT NULL,
  `created_at` datetime NOT NULL
) ENGINE=InnoDB DEFAULT CHARSET=utf8mb4 COLLATE=utf8mb4_0900_ai_ci;

--
-- Volcado de datos para la tabla `user_location_rel`
--

INSERT INTO `user_location_rel` (`user_id`, `location_id`, `is_primary`, `created_at`) VALUES
(95, 1, 1, '2025-03-26 13:46:03'),
(98, 1, 1, '2025-03-26 13:46:07'),
(99, 1, 1, '2025-03-26 13:46:11'),
(101, 1, 1, '2025-03-26 13:45:57');

--
-- Índices para tablas volcadas
--

--
-- Indices de la tabla `alembic_version`
--
ALTER TABLE `alembic_version`
  ADD PRIMARY KEY (`version_num`);

--
-- Indices de la tabla `app_config`
--
ALTER TABLE `app_config`
  ADD PRIMARY KEY (`id`),
  ADD KEY `company_id` (`company_id`);

--
-- Indices de la tabla `clock_in`
--
ALTER TABLE `clock_in`
  ADD PRIMARY KEY (`id`),
  ADD KEY `company_id` (`company_id`),
  ADD KEY `user_id` (`user_id`),
  ADD KEY `clock_in_type_id` (`clock_in_type_id`);

--
-- Indices de la tabla `clock_in_type`
--
ALTER TABLE `clock_in_type`
  ADD PRIMARY KEY (`id`);

--
-- Indices de la tabla `company`
--
ALTER TABLE `company`
  ADD PRIMARY KEY (`id`),
  ADD UNIQUE KEY `cif` (`cif`),
  ADD KEY `license_id` (`license_id`),
  ADD KEY `name` (`name`),
  ADD KEY `ix_company_name` (`name`),
  ADD KEY `ix_company_reference_name` (`reference_name`);

--
-- Indices de la tabla `department`
--
ALTER TABLE `department`
  ADD PRIMARY KEY (`id`),
  ADD KEY `company_id` (`company_id`),
  ADD KEY `department_head_id` (`department_head_id`);

--
-- Indices de la tabla `integration`
--
ALTER TABLE `integration`
  ADD PRIMARY KEY (`id`),
  ADD KEY `company_id` (`company_id`);

--
-- Indices de la tabla `license`
--
ALTER TABLE `license`
  ADD PRIMARY KEY (`id`);

--
-- Indices de la tabla `license_company_rel`
--
ALTER TABLE `license_company_rel`
  ADD PRIMARY KEY (`license_id`,`company_id`),
  ADD KEY `company_id` (`company_id`);

--
-- Indices de la tabla `location`
--
ALTER TABLE `location`
  ADD PRIMARY KEY (`id`),
  ADD KEY `company_id` (`company_id`);

--
-- Indices de la tabla `migration_mapping`
--
ALTER TABLE `migration_mapping`
  ADD PRIMARY KEY (`id`);

--
-- Indices de la tabla `notification`
--
ALTER TABLE `notification`
  ADD PRIMARY KEY (`id`),
  ADD KEY `company_id` (`company_id`),
  ADD KEY `user_id` (`user_id`);

--
-- Indices de la tabla `permissions`
--
ALTER TABLE `permissions`
  ADD PRIMARY KEY (`id`),
  ADD UNIQUE KEY `code` (`code`);

--
-- Indices de la tabla `roles`
--
ALTER TABLE `roles`
  ADD PRIMARY KEY (`id`),
  ADD KEY `parent_id` (`parent_id`),
  ADD KEY `company_id` (`company_id`);

--
-- Indices de la tabla `role_permission_rel`
--
ALTER TABLE `role_permission_rel`
  ADD PRIMARY KEY (`role_id`,`permission_id`),
  ADD KEY `permission_id` (`permission_id`);

--
-- Indices de la tabla `schedule`
--
ALTER TABLE `schedule`
  ADD PRIMARY KEY (`id`),
  ADD KEY `company_id` (`company_id`);

--
-- Indices de la tabla `schedule_detail`
--
ALTER TABLE `schedule_detail`
  ADD PRIMARY KEY (`id`),
  ADD KEY `schedule_id` (`schedule_id`);

--
-- Indices de la tabla `user`
--
ALTER TABLE `user`
  ADD PRIMARY KEY (`id`),
  ADD UNIQUE KEY `dni_hash` (`dni_hash`),
  ADD UNIQUE KEY `ix_user_dni_hash` (`dni_hash`),
  ADD UNIQUE KEY `employee_id` (`employee_id`);

--
-- Indices de la tabla `user_company_role`
--
ALTER TABLE `user_company_role`
  ADD PRIMARY KEY (`id`),
  ADD UNIQUE KEY `uq_user_company_role` (`user_id`,`company_id`,`role_id`),
  ADD KEY `company_id` (`company_id`),
  ADD KEY `role_id` (`role_id`),
  ADD KEY `assigned_by` (`assigned_by`),
  ADD KEY `schedule_id` (`schedule_id`),
  ADD KEY `location_id` (`location_id`),
  ADD KEY `supervisor_id` (`supervisor_id`);

--
-- Indices de la tabla `user_department_rel`
--
ALTER TABLE `user_department_rel`
  ADD PRIMARY KEY (`user_id`,`department_id`),
  ADD KEY `department_id` (`department_id`);

--
-- Indices de la tabla `user_location_rel`
--
ALTER TABLE `user_location_rel`
  ADD PRIMARY KEY (`user_id`,`location_id`),
  ADD KEY `location_id` (`location_id`);

--
-- AUTO_INCREMENT de las tablas volcadas
--

--
-- AUTO_INCREMENT de la tabla `app_config`
--
ALTER TABLE `app_config`
  MODIFY `id` int NOT NULL AUTO_INCREMENT, AUTO_INCREMENT=4;

--
-- AUTO_INCREMENT de la tabla `clock_in`
--
ALTER TABLE `clock_in`
  MODIFY `id` int NOT NULL AUTO_INCREMENT, AUTO_INCREMENT=2;

--
-- AUTO_INCREMENT de la tabla `clock_in_type`
--
ALTER TABLE `clock_in_type`
  MODIFY `id` int NOT NULL AUTO_INCREMENT, AUTO_INCREMENT=5;

--
-- AUTO_INCREMENT de la tabla `company`
--
ALTER TABLE `company`
  MODIFY `id` int NOT NULL AUTO_INCREMENT, AUTO_INCREMENT=12;

--
-- AUTO_INCREMENT de la tabla `department`
--
ALTER TABLE `department`
  MODIFY `id` int NOT NULL AUTO_INCREMENT, AUTO_INCREMENT=2;

--
-- AUTO_INCREMENT de la tabla `integration`
--
ALTER TABLE `integration`
  MODIFY `id` int NOT NULL AUTO_INCREMENT;

--
-- AUTO_INCREMENT de la tabla `license`
--
ALTER TABLE `license`
  MODIFY `id` int NOT NULL AUTO_INCREMENT, AUTO_INCREMENT=4;

--
-- AUTO_INCREMENT de la tabla `location`
--
ALTER TABLE `location`
  MODIFY `id` int NOT NULL AUTO_INCREMENT, AUTO_INCREMENT=2;

--
-- AUTO_INCREMENT de la tabla `migration_mapping`
--
ALTER TABLE `migration_mapping`
  MODIFY `id` int NOT NULL AUTO_INCREMENT;

--
-- AUTO_INCREMENT de la tabla `notification`
--
ALTER TABLE `notification`
  MODIFY `id` int NOT NULL AUTO_INCREMENT;

--
-- AUTO_INCREMENT de la tabla `permissions`
--
ALTER TABLE `permissions`
  MODIFY `id` int NOT NULL AUTO_INCREMENT, AUTO_INCREMENT=13;

--
-- AUTO_INCREMENT de la tabla `roles`
--
ALTER TABLE `roles`
  MODIFY `id` int NOT NULL AUTO_INCREMENT, AUTO_INCREMENT=6;

--
-- AUTO_INCREMENT de la tabla `schedule`
--
ALTER TABLE `schedule`
  MODIFY `id` int NOT NULL AUTO_INCREMENT;

--
-- AUTO_INCREMENT de la tabla `schedule_detail`
--
ALTER TABLE `schedule_detail`
  MODIFY `id` int NOT NULL AUTO_INCREMENT;

--
-- AUTO_INCREMENT de la tabla `user`
--
ALTER TABLE `user`
  MODIFY `id` int NOT NULL AUTO_INCREMENT, AUTO_INCREMENT=103;

--
-- AUTO_INCREMENT de la tabla `user_company_role`
--
ALTER TABLE `user_company_role`
  MODIFY `id` int NOT NULL AUTO_INCREMENT, AUTO_INCREMENT=123;

--
-- Restricciones para tablas volcadas
--

--
-- Filtros para la tabla `app_config`
--
ALTER TABLE `app_config`
  ADD CONSTRAINT `app_config_ibfk_1` FOREIGN KEY (`company_id`) REFERENCES `company` (`id`);

--
-- Filtros para la tabla `clock_in`
--
ALTER TABLE `clock_in`
  ADD CONSTRAINT `clock_in_ibfk_1` FOREIGN KEY (`company_id`) REFERENCES `company` (`id`),
  ADD CONSTRAINT `clock_in_ibfk_3` FOREIGN KEY (`clock_in_type_id`) REFERENCES `clock_in_type` (`id`),
  ADD CONSTRAINT `clock_in_ibfk_4` FOREIGN KEY (`user_id`) REFERENCES `user` (`id`);

--
-- Filtros para la tabla `company`
--
ALTER TABLE `company`
  ADD CONSTRAINT `company_ibfk_1` FOREIGN KEY (`license_id`) REFERENCES `license` (`id`);

--
-- Filtros para la tabla `department`
--
ALTER TABLE `department`
  ADD CONSTRAINT `department_ibfk_1` FOREIGN KEY (`company_id`) REFERENCES `company` (`id`),
  ADD CONSTRAINT `department_ibfk_2` FOREIGN KEY (`department_head_id`) REFERENCES `user` (`id`);

--
-- Filtros para la tabla `integration`
--
ALTER TABLE `integration`
  ADD CONSTRAINT `integration_ibfk_1` FOREIGN KEY (`company_id`) REFERENCES `company` (`id`);

--
-- Filtros para la tabla `license_company_rel`
--
ALTER TABLE `license_company_rel`
  ADD CONSTRAINT `license_company_rel_ibfk_1` FOREIGN KEY (`license_id`) REFERENCES `license` (`id`),
  ADD CONSTRAINT `license_company_rel_ibfk_2` FOREIGN KEY (`company_id`) REFERENCES `company` (`id`);

--
-- Filtros para la tabla `location`
--
ALTER TABLE `location`
  ADD CONSTRAINT `location_ibfk_1` FOREIGN KEY (`company_id`) REFERENCES `company` (`id`);

--
-- Filtros para la tabla `notification`
--
ALTER TABLE `notification`
  ADD CONSTRAINT `notification_ibfk_1` FOREIGN KEY (`company_id`) REFERENCES `company` (`id`),
  ADD CONSTRAINT `notification_ibfk_2` FOREIGN KEY (`user_id`) REFERENCES `user` (`id`);

--
-- Filtros para la tabla `roles`
--
ALTER TABLE `roles`
  ADD CONSTRAINT `roles_ibfk_1` FOREIGN KEY (`parent_id`) REFERENCES `roles` (`id`),
  ADD CONSTRAINT `roles_ibfk_2` FOREIGN KEY (`company_id`) REFERENCES `company` (`id`);

--
-- Filtros para la tabla `role_permission_rel`
--
ALTER TABLE `role_permission_rel`
  ADD CONSTRAINT `role_permission_rel_ibfk_1` FOREIGN KEY (`role_id`) REFERENCES `roles` (`id`),
  ADD CONSTRAINT `role_permission_rel_ibfk_2` FOREIGN KEY (`permission_id`) REFERENCES `permissions` (`id`);

--
-- Filtros para la tabla `schedule`
--
ALTER TABLE `schedule`
  ADD CONSTRAINT `schedule_ibfk_1` FOREIGN KEY (`company_id`) REFERENCES `company` (`id`);

--
-- Filtros para la tabla `schedule_detail`
--
ALTER TABLE `schedule_detail`
  ADD CONSTRAINT `schedule_detail_ibfk_1` FOREIGN KEY (`schedule_id`) REFERENCES `schedule` (`id`);

--
-- Filtros para la tabla `user_company_role`
--
ALTER TABLE `user_company_role`
  ADD CONSTRAINT `user_company_role_ibfk_1` FOREIGN KEY (`user_id`) REFERENCES `user` (`id`),
  ADD CONSTRAINT `user_company_role_ibfk_2` FOREIGN KEY (`company_id`) REFERENCES `company` (`id`),
  ADD CONSTRAINT `user_company_role_ibfk_3` FOREIGN KEY (`role_id`) REFERENCES `roles` (`id`),
  ADD CONSTRAINT `user_company_role_ibfk_4` FOREIGN KEY (`assigned_by`) REFERENCES `user` (`id`),
  ADD CONSTRAINT `user_company_role_ibfk_5` FOREIGN KEY (`schedule_id`) REFERENCES `schedule` (`id`),
  ADD CONSTRAINT `user_company_role_ibfk_6` FOREIGN KEY (`location_id`) REFERENCES `location` (`id`),
  ADD CONSTRAINT `user_company_role_ibfk_7` FOREIGN KEY (`supervisor_id`) REFERENCES `user` (`id`);

--
-- Filtros para la tabla `user_department_rel`
--
ALTER TABLE `user_department_rel`
  ADD CONSTRAINT `user_department_rel_ibfk_1` FOREIGN KEY (`department_id`) REFERENCES `department` (`id`),
  ADD CONSTRAINT `user_department_rel_ibfk_2` FOREIGN KEY (`user_id`) REFERENCES `user` (`id`);

--
-- Filtros para la tabla `user_location_rel`
--
ALTER TABLE `user_location_rel`
  ADD CONSTRAINT `user_location_rel_ibfk_1` FOREIGN KEY (`location_id`) REFERENCES `location` (`id`),
  ADD CONSTRAINT `user_location_rel_ibfk_2` FOREIGN KEY (`user_id`) REFERENCES `user` (`id`);
COMMIT;

/*!40101 SET CHARACTER_SET_CLIENT=@OLD_CHARACTER_SET_CLIENT */;
/*!40101 SET CHARACTER_SET_RESULTS=@OLD_CHARACTER_SET_RESULTS */;
/*!40101 SET COLLATION_CONNECTION=@OLD_COLLATION_CONNECTION */;
